card_id,title,image_url,card_number,current_location,author_id,contained_in_deck_id,arcana_type,archetype_id,symbolic_figure_id,suit_id,minor_arcana_type
card_noblet_01,Le Bateleur,https://github.com/hexWitches/semantic-tarot-library/blob/cb5c062db4f207748586a12c9e55dae07f01e4c6/website/assets/images/collection/TarotNoblet/001.jpg,I,Bibliothèque Nationale de France,person_noblet,deck_noblet,Major Arcana,concept_juggler,
card_noblet_02,La Papesse,https://github.com/hexWitches/semantic-tarot-library/blob/cb5c062db4f207748586a12c9e55dae07f01e4c6/website/assets/images/collection/TarotNoblet/011.jpg,II,Bibliothèque Nationale de France,person_noblet,deck_noblet,Major Arcana,concept_popess,
card_noblet_03,L'Emperatrice,https://github.com/hexWitches/semantic-tarot-library/blob/cb5c062db4f207748586a12c9e55dae07f01e4c6/website/assets/images/collection/TarotNoblet/005.jpg,III,Bibliothèque Nationale de France,person_noblet,deck_noblet,Major Arcana,concept_empress,
card_noblet_04,L'Empereur,https://github.com/hexWitches/semantic-tarot-library/blob/cb5c062db4f207748586a12c9e55dae07f01e4c6/website/assets/images/collection/TarotNoblet/007.jpg,IV,Bibliothèque Nationale de France,person_noblet,deck_noblet,Major Arcana,concept_emperor,
card_noblet_05,Le Pape,https://github.com/hexWitches/semantic-tarot-library/blob/cb5c062db4f207748586a12c9e55dae07f01e4c6/website/assets/images/collection/TarotNoblet/009.jpg,V,Bibliothèque Nationale de France,person_noblet,deck_noblet,Major Arcana,concept_pope,
card_noblet_06,L'Amoreux,https://github.com/hexWitches/semantic-tarot-library/blob/cb5c062db4f207748586a12c9e55dae07f01e4c6/website/assets/images/collection/TarotNoblet/015.jpg,VI,Bibliothèque Nationale de France,person_noblet,deck_noblet,Major Arcana,concept_lovers,
card_noblet_07,Le Chariot,https://github.com/hexWitches/semantic-tarot-library/blob/cb5c062db4f207748586a12c9e55dae07f01e4c6/website/assets/images/collection/TarotNoblet/013.jpg,VII,Bibliothèque Nationale de France,person_noblet,deck_noblet,Major Arcana,concept_chariot,
card_noblet_08,Iustice,https://github.com/hexWitches/semantic-tarot-library/blob/cb5c062db4f207748586a12c9e55dae07f01e4c6/website/assets/images/collection/TarotNoblet/003.jpg,VIII,Bibliothèque Nationale de France,person_noblet,deck_noblet,Major Arcana,concept_justice,
card_noblet_09,L'Ermite,https://github.com/hexWitches/semantic-tarot-library/blob/cb5c062db4f207748586a12c9e55dae07f01e4c6/website/assets/images/collection/TarotNoblet/017.jpg,IX,Bibliothèque Nationale de France,person_noblet,deck_noblet,Major Arcana,concept_hermit,
card_noblet_10,La Roue de Fortune,https://github.com/hexWitches/semantic-tarot-library/blob/cb5c062db4f207748586a12c9e55dae07f01e4c6/website/assets/images/collection/TarotNoblet/019.jpg,X,Bibliothèque Nationale de France,person_noblet,deck_noblet,Major Arcana,concept_wheel_of_fortune,
card_noblet_11,Force,https://github.com/hexWitches/semantic-tarot-library/blob/cb5c062db4f207748586a12c9e55dae07f01e4c6/website/assets/images/collection/TarotNoblet/021.jpg,XI,Bibliothèque Nationale de France,person_noblet,deck_noblet,Major Arcana,concept_strenght,
card_noblet_12,Le Pendu,https://github.com/hexWitches/semantic-tarot-library/blob/cb5c062db4f207748586a12c9e55dae07f01e4c6/website/assets/images/collection/TarotNoblet/023.jpg,XII,Bibliothèque Nationale de France,person_noblet,deck_noblet,Major Arcana,concept_the_hanged_man,
card_noblet_13,La Mort,https://github.com/hexWitches/semantic-tarot-library/blob/cb5c062db4f207748586a12c9e55dae07f01e4c6/website/assets/images/collection/TarotNoblet/025.jpg,XIII,Bibliothèque Nationale de France,person_noblet,deck_noblet,Major Arcana,concept_death,
card_noblet_14,L'Emperance,https://github.com/hexWitches/semantic-tarot-library/blob/cb5c062db4f207748586a12c9e55dae07f01e4c6/website/assets/images/collection/TarotNoblet/027.jpg,XIV,Bibliothèque Nationale de France,person_noblet,deck_noblet,Major Arcana,concept_temperance,
card_noblet_15,Le Diable,https://github.com/hexWitches/semantic-tarot-library/blob/cb5c062db4f207748586a12c9e55dae07f01e4c6/website/assets/images/collection/TarotNoblet/029.jpg,XV,Bibliothèque Nationale de France,person_noblet,deck_noblet,Major Arcana,concept_the_devil,
card_noblet_16,La Maison Dieu,https://github.com/hexWitches/semantic-tarot-library/blob/cb5c062db4f207748586a12c9e55dae07f01e4c6/website/assets/images/collection/TarotNoblet/031.jpg,XVI,Bibliothèque Nationale de France,person_noblet,deck_noblet,Major Arcana,concept_the_tower,
card_noblet_17,L'Estoille,https://github.com/hexWitches/semantic-tarot-library/blob/cb5c062db4f207748586a12c9e55dae07f01e4c6/website/assets/images/collection/TarotNoblet/033.jpg,XVII,Bibliothèque Nationale de France,person_noblet,deck_noblet,Major Arcana,concept_the_star,
card_noblet_18,La Lune,https://github.com/hexWitches/semantic-tarot-library/blob/cb5c062db4f207748586a12c9e55dae07f01e4c6/website/assets/images/collection/TarotNoblet/035.jpg,XVIII,Bibliothèque Nationale de France,person_noblet,deck_noblet,Major Arcana,concept_the_moon,
card_noblet_19,Le Soleil,https://github.com/hexWitches/semantic-tarot-library/blob/cb5c062db4f207748586a12c9e55dae07f01e4c6/website/assets/images/collection/TarotNoblet/037.jpg,XIX,Bibliothèque Nationale de France,person_noblet,deck_noblet,Major Arcana,concept_the_sun,
card_noblet_20,Le Iugement,https://github.com/hexWitches/semantic-tarot-library/blob/cb5c062db4f207748586a12c9e55dae07f01e4c6/website/assets/images/collection/TarotNoblet/045.jpg,XX,Bibliothèque Nationale de France,person_noblet,deck_noblet,Major Arcana,concept_judgment,
card_noblet_21,Le Monde,https://github.com/hexWitches/semantic-tarot-library/blob/cb5c062db4f207748586a12c9e55dae07f01e4c6/website/assets/images/collection/TarotNoblet/041.jpg,XXI,Bibliothèque Nationale de France,person_noblet,deck_noblet,Major Arcana,concept_the_world,
card_noblet_22,Le Fou,https://github.com/hexWitches/semantic-tarot-library/blob/cb5c062db4f207748586a12c9e55dae07f01e4c6/website/assets/images/collection/TarotNoblet/043.jpg,,Bibliothèque Nationale de France,person_noblet,deck_noblet,Major Arcana,concept_fool,,,
card_noblet_23,Roi de Denier,https://github.com/hexWitches/semantic-tarot-library/blob/cb5c062db4f207748586a12c9e55dae07f01e4c6/website/assets/images/collection/TarotNoblet/039.jpg,,Bibliothèque Nationale de France,person_noblet,deck_noblet,Minor Arcana,,,Pentacles,Court Card
card_noblet_24,Royne de Denier,https://github.com/hexWitches/semantic-tarot-library/blob/cb5c062db4f207748586a12c9e55dae07f01e4c6/website/assets/images/collection/TarotNoblet/047.jpg,,Bibliothèque Nationale de France,person_noblet,deck_noblet,Minor Arcana,,,Pentacles,Court Card
card_noblet_25,Chevalier de Denier,https://github.com/hexWitches/semantic-tarot-library/blob/cb5c062db4f207748586a12c9e55dae07f01e4c6/website/assets/images/collection/TarotNoblet/049.jpg,,Bibliothèque Nationale de France,person_noblet,deck_noblet,Minor Arcana,,,Pentacles,Court Card
card_noblet_26,Valet de Denier,https://github.com/hexWitches/semantic-tarot-library/blob/cb5c062db4f207748586a12c9e55dae07f01e4c6/website/assets/images/collection/TarotNoblet/051.jpg,,Bibliothèque Nationale de France,person_noblet,deck_noblet,Minor Arcana,,,Pentacles,Court Card
card_noblet_27,Un de Denier,https://github.com/hexWitches/semantic-tarot-library/blob/cb5c062db4f207748586a12c9e55dae07f01e4c6/website/assets/images/collection/TarotNoblet/053.jpg,1,Bibliothèque Nationale de France,person_noblet,deck_noblet,Minor Arcana,,,Pentacles,Numbered Card
card_noblet_28,Deux de Denier,https://github.com/hexWitches/semantic-tarot-library/blob/cb5c062db4f207748586a12c9e55dae07f01e4c6/website/assets/images/collection/TarotNoblet/087.jpg,2,Bibliothèque Nationale de France,person_noblet,deck_noblet,Minor Arcana,,,Pentacles,Numbered Card
card_noblet_29,Trois de Denier,https://github.com/hexWitches/semantic-tarot-library/blob/cb5c062db4f207748586a12c9e55dae07f01e4c6/website/assets/images/collection/TarotNoblet/085.jpg,3,Bibliothèque Nationale de France,person_noblet,deck_noblet,Minor Arcana,,,Pentacles,Numbered Card
card_noblet_30,Quatre de Denier,https://github.com/hexWitches/semantic-tarot-library/blob/cb5c062db4f207748586a12c9e55dae07f01e4c6/website/assets/images/collection/TarotNoblet/083.jpg,4,Bibliothèque Nationale de France,person_noblet,deck_noblet,Minor Arcana,,,Pentacles,Numbered Card
card_noblet_31,Cinq de Denier,https://github.com/hexWitches/semantic-tarot-library/blob/cb5c062db4f207748586a12c9e55dae07f01e4c6/website/assets/images/collection/TarotNoblet/081.jpg,5,Bibliothèque Nationale de France,person_noblet,deck_noblet,Minor Arcana,,,Pentacles,Numbered Card
card_noblet_32,Six de Denier,https://github.com/hexWitches/semantic-tarot-library/blob/cb5c062db4f207748586a12c9e55dae07f01e4c6/website/assets/images/collection/TarotNoblet/079.jpg,6,Bibliothèque Nationale de France,person_noblet,deck_noblet,Minor Arcana,,,Pentacles,Numbered Card
card_noblet_33,Sept de Denier,https://github.com/hexWitches/semantic-tarot-library/blob/cb5c062db4f207748586a12c9e55dae07f01e4c6/website/assets/images/collection/TarotNoblet/077.jpg,7,Bibliothèque Nationale de France,person_noblet,deck_noblet,Minor Arcana,,,Pentacles,Numbered Card
card_noblet_34,Huit de Denier,https://github.com/hexWitches/semantic-tarot-library/blob/cb5c062db4f207748586a12c9e55dae07f01e4c6/website/assets/images/collection/TarotNoblet/075.jpg,8,Bibliothèque Nationale de France,person_noblet,deck_noblet,Minor Arcana,,,Pentacles,Numbered Card
card_noblet_35,Neuf de Denier,https://github.com/hexWitches/semantic-tarot-library/blob/cb5c062db4f207748586a12c9e55dae07f01e4c6/website/assets/images/collection/TarotNoblet/073.jpg,9,Bibliothèque Nationale de France,person_noblet,deck_noblet,Minor Arcana,,,Pentacles,Numbered Card
card_noblet_36,Dix de Denier,https://github.com/hexWitches/semantic-tarot-library/blob/cb5c062db4f207748586a12c9e55dae07f01e4c6/website/assets/images/collection/TarotNoblet/071.jpg,10,Bibliothèque Nationale de France,person_noblet,deck_noblet,Minor Arcana,,,Pentacles,Numbered Card
card_noblet_37,Roi de Spee,https://github.com/hexWitches/semantic-tarot-library/blob/cb5c062db4f207748586a12c9e55dae07f01e4c6/website/assets/images/collection/TarotNoblet/119.jpg,,Bibliothèque Nationale de France,person_noblet,deck_noblet,Minor Arcana,,,Swords,Court Card
card_noblet_38,Royne de Spee,https://github.com/hexWitches/semantic-tarot-library/blob/cb5c062db4f207748586a12c9e55dae07f01e4c6/website/assets/images/collection/TarotNoblet/121.jpg,,Bibliothèque Nationale de France,person_noblet,deck_noblet,Minor Arcana,,,Swords,Court Card
card_noblet_39,Chevalier de Spee,https://github.com/hexWitches/semantic-tarot-library/blob/cb5c062db4f207748586a12c9e55dae07f01e4c6/website/assets/images/collection/TarotNoblet/123.jpg,,Bibliothèque Nationale de France,person_noblet,deck_noblet,Minor Arcana,,,Swords,Court Card
card_noblet_40,Valet de Spee,https://github.com/hexWitches/semantic-tarot-library/blob/cb5c062db4f207748586a12c9e55dae07f01e4c6/website/assets/images/collection/TarotNoblet/089.jpg,,Bibliothèque Nationale de France,person_noblet,deck_noblet,Minor Arcana,,,Swords,Court Card
card_noblet_41,Un de Spee,https://github.com/hexWitches/semantic-tarot-library/blob/cb5c062db4f207748586a12c9e55dae07f01e4c6/website/assets/images/collection/TarotNoblet/099.jpg,1,Bibliothèque Nationale de France,person_noblet,deck_noblet,Minor Arcana,,,Swords,Numbered Card
card_noblet_42,Deux de Spee,https://github.com/hexWitches/semantic-tarot-library/blob/cb5c062db4f207748586a12c9e55dae07f01e4c6/website/assets/images/collection/TarotNoblet/097.jpg,2,Bibliothèque Nationale de France,person_noblet,deck_noblet,Minor Arcana,,,Swords,Numbered Card
card_noblet_43,Trois de Spee,https://github.com/hexWitches/semantic-tarot-library/blob/cb5c062db4f207748586a12c9e55dae07f01e4c6/website/assets/images/collection/TarotNoblet/095.jpg,3,Bibliothèque Nationale de France,person_noblet,deck_noblet,Minor Arcana,,,Swords,Numbered Card
card_noblet_44,Quatre de Spee,https://github.com/hexWitches/semantic-tarot-library/blob/cb5c062db4f207748586a12c9e55dae07f01e4c6/website/assets/images/collection/TarotNoblet/093.jpg,4,Bibliothèque Nationale de France,person_noblet,deck_noblet,Minor Arcana,,,Swords,Numbered Card
card_noblet_45,Cinq de Spee,https://github.com/hexWitches/semantic-tarot-library/blob/cb5c062db4f207748586a12c9e55dae07f01e4c6/website/assets/images/collection/TarotNoblet/091.jpg,5,Bibliothèque Nationale de France,person_noblet,deck_noblet,Minor Arcana,,,Swords,Numbered Card
card_noblet_46,Roi de Bastons,https://github.com/hexWitches/semantic-tarot-library/blob/cb5c062db4f207748586a12c9e55dae07f01e4c6/website/assets/images/collection/TarotNoblet/101.jpg,,Bibliothèque Nationale de France,person_noblet,deck_noblet,Minor Arcana,,,Wands,Court Card
card_noblet_47,Royne de Bastons,https://github.com/hexWitches/semantic-tarot-library/blob/cb5c062db4f207748586a12c9e55dae07f01e4c6/website/assets/images/collection/TarotNoblet/103.jpg,,Bibliothèque Nationale de France,person_noblet,deck_noblet,Minor Arcana,,,Wands,Court Card
card_noblet_48,Chevalier de Bastons,https://github.com/hexWitches/semantic-tarot-library/blob/cb5c062db4f207748586a12c9e55dae07f01e4c6/website/assets/images/collection/TarotNoblet/105.jpg,,Bibliothèque Nationale de France,person_noblet,deck_noblet,Minor Arcana,,,Wands,Court Card
card_noblet_49,Valet de Bastons,https://github.com/hexWitches/semantic-tarot-library/blob/cb5c062db4f207748586a12c9e55dae07f01e4c6/website/assets/images/collection/TarotNoblet/125.jpg,,Bibliothèque Nationale de France,person_noblet,deck_noblet,Minor Arcana,,,Wands,Court Card
card_noblet_50,Un de Bastons,https://github.com/hexWitches/semantic-tarot-library/blob/cb5c062db4f207748586a12c9e55dae07f01e4c6/website/assets/images/collection/TarotNoblet/145.jpg,1,Bibliothèque Nationale de France,person_noblet,deck_noblet,Minor Arcana,,,Wands,Numbered Card
card_noblet_51,Deux de Bastons,https://github.com/hexWitches/semantic-tarot-library/blob/cb5c062db4f207748586a12c9e55dae07f01e4c6/website/assets/images/collection/TarotNoblet/143.jpg,2,Bibliothèque Nationale de France,person_noblet,deck_noblet,Minor Arcana,,,Wands,Numbered Card
card_noblet_52,Trois de Bastons,https://github.com/hexWitches/semantic-tarot-library/blob/cb5c062db4f207748586a12c9e55dae07f01e4c6/website/assets/images/collection/TarotNoblet/141.jpg,3,Bibliothèque Nationale de France,person_noblet,deck_noblet,Minor Arcana,,,Wands,Numbered Card
card_noblet_53,Quatre de Bastons,https://github.com/hexWitches/semantic-tarot-library/blob/cb5c062db4f207748586a12c9e55dae07f01e4c6/website/assets/images/collection/TarotNoblet/139.jpg,4,Bibliothèque Nationale de France,person_noblet,deck_noblet,Minor Arcana,,,Wands,Numbered Card
card_noblet_54,Cinq de Bastons,https://github.com/hexWitches/semantic-tarot-library/blob/cb5c062db4f207748586a12c9e55dae07f01e4c6/website/assets/images/collection/TarotNoblet/137.jpg,5,Bibliothèque Nationale de France,person_noblet,deck_noblet,Minor Arcana,,,Wands,Numbered Card
card_noblet_55,Six de Bastons,https://github.com/hexWitches/semantic-tarot-library/blob/cb5c062db4f207748586a12c9e55dae07f01e4c6/website/assets/images/collection/TarotNoblet/135.jpg,6,Bibliothèque Nationale de France,person_noblet,deck_noblet,Minor Arcana,,,Wands,Numbered Card
card_noblet_56,Sept de Bastons,https://github.com/hexWitches/semantic-tarot-library/blob/cb5c062db4f207748586a12c9e55dae07f01e4c6/website/assets/images/collection/TarotNoblet/133.jpg,7,Bibliothèque Nationale de France,person_noblet,deck_noblet,Minor Arcana,,,Wands,Numbered Card
card_noblet_57,Huit de Bastons,https://github.com/hexWitches/semantic-tarot-library/blob/cb5c062db4f207748586a12c9e55dae07f01e4c6/website/assets/images/collection/TarotNoblet/131.jpg,8,Bibliothèque Nationale de France,person_noblet,deck_noblet,Minor Arcana,,,Wands,Numbered Card
card_noblet_58,Neuf de Bastons,https://github.com/hexWitches/semantic-tarot-library/blob/cb5c062db4f207748586a12c9e55dae07f01e4c6/website/assets/images/collection/TarotNoblet/129.jpg,9,Bibliothèque Nationale de France,person_noblet,deck_noblet,Minor Arcana,,,Wands,Numbered Card
card_noblet_59,Dix de Bastons,https://github.com/hexWitches/semantic-tarot-library/blob/cb5c062db4f207748586a12c9e55dae07f01e4c6/website/assets/images/collection/TarotNoblet/127.jpg,10,Bibliothèque Nationale de France,person_noblet,deck_noblet,Minor Arcana,,,Wands,Numbered Card
card_noblet_60,Roi de Coupes,https://github.com/hexWitches/semantic-tarot-library/blob/cb5c062db4f207748586a12c9e55dae07f01e4c6/website/assets/images/collection/TarotNoblet/055.jpg,,Bibliothèque Nationale de France,person_noblet,deck_noblet,Minor Arcana,,,Cups,Court Card
card_noblet_61,Royne de Coupes,https://github.com/hexWitches/semantic-tarot-library/blob/cb5c062db4f207748586a12c9e55dae07f01e4c6/website/assets/images/collection/TarotNoblet/057.jpg,,Bibliothèque Nationale de France,person_noblet,deck_noblet,Minor Arcana,,,Cups,Court Card
card_noblet_62,Chevalier de Coupes,https://github.com/hexWitches/semantic-tarot-library/blob/cb5c062db4f207748586a12c9e55dae07f01e4c6/website/assets/images/collection/TarotNoblet/059.jpg,,Bibliothèque Nationale de France,person_noblet,deck_noblet,Minor Arcana,,,Cups,Court Card
card_noblet_63,Valet de Coupes,https://github.com/hexWitches/semantic-tarot-library/blob/cb5c062db4f207748586a12c9e55dae07f01e4c6/website/assets/images/collection/TarotNoblet/061.jpg,,Bibliothèque Nationale de France,person_noblet,deck_noblet,Minor Arcana,,,Cups,Court Card
card_noblet_64,Un de Coupes,https://github.com/hexWitches/semantic-tarot-library/blob/cb5c062db4f207748586a12c9e55dae07f01e4c6/website/assets/images/collection/TarotNoblet/117.jpg,1,Bibliothèque Nationale de France,person_noblet,deck_noblet,Minor Arcana,,,Cups,Numbered Card
card_noblet_65,Deux de Coupes,https://github.com/hexWitches/semantic-tarot-library/blob/cb5c062db4f207748586a12c9e55dae07f01e4c6/website/assets/images/collection/TarotNoblet/115.jpg,2,Bibliothèque Nationale de France,person_noblet,deck_noblet,Minor Arcana,,,Cups,Numbered Card
card_noblet_66,Trois de Coupes,https://github.com/hexWitches/semantic-tarot-library/blob/cb5c062db4f207748586a12c9e55dae07f01e4c6/website/assets/images/collection/TarotNoblet/113.jpg,3,Bibliothèque Nationale de France,person_noblet,deck_noblet,Minor Arcana,,,Cups,Numbered Card
card_noblet_67,Quatre de Coupes,https://github.com/hexWitches/semantic-tarot-library/blob/cb5c062db4f207748586a12c9e55dae07f01e4c6/website/assets/images/collection/TarotNoblet/111.jpg,4,Bibliothèque Nationale de France,person_noblet,deck_noblet,Minor Arcana,,,Cups,Numbered Card
card_noblet_68,Cinq de Coupes,https://github.com/hexWitches/semantic-tarot-library/blob/cb5c062db4f207748586a12c9e55dae07f01e4c6/website/assets/images/collection/TarotNoblet/109.jpg,5,Bibliothèque Nationale de France,person_noblet,deck_noblet,Minor Arcana,,,Cups,Numbered Card
card_noblet_69,Six de Coupes,https://github.com/hexWitches/semantic-tarot-library/blob/cb5c062db4f207748586a12c9e55dae07f01e4c6/website/assets/images/collection/TarotNoblet/107.jpg,6,Bibliothèque Nationale de France,person_noblet,deck_noblet,Minor Arcana,,,Cups,Numbered Card
card_noblet_70,Sept de Coupes,https://github.com/hexWitches/semantic-tarot-library/blob/cb5c062db4f207748586a12c9e55dae07f01e4c6/website/assets/images/collection/TarotNoblet/069.jpg,7,Bibliothèque Nationale de France,person_noblet,deck_noblet,Minor Arcana,,,Cups,Numbered Card
card_noblet_71,Huit de Coupes,https://github.com/hexWitches/semantic-tarot-library/blob/cb5c062db4f207748586a12c9e55dae07f01e4c6/website/assets/images/collection/TarotNoblet/067.jpg,8,Bibliothèque Nationale de France,person_noblet,deck_noblet,Minor Arcana,,,Cups,Numbered Card
card_noblet_72,Neuf de Coupes,https://github.com/hexWitches/semantic-tarot-library/blob/cb5c062db4f207748586a12c9e55dae07f01e4c6/website/assets/images/collection/TarotNoblet/065.jpg,9,Bibliothèque Nationale de France,person_noblet,deck_noblet,Minor Arcana,,,Cups,Numbered Card
card_noblet_73,Dix de Coupes,https://github.com/hexWitches/semantic-tarot-library/blob/cb5c062db4f207748586a12c9e55dae07f01e4c6/website/assets/images/collection/TarotNoblet/063.jpg,10,Bibliothèque Nationale de France,person_noblet,deck_noblet,Minor Arcana,,,Cups,Numbered Card
card_modrone_01,King of Swords,https://github.com/hexWitches/semantic-tarot-library/blob/cb5c062db4f207748586a12c9e55dae07f01e4c6/website/assets/images/collection/ViscontiTarot/0001.jpg,,Yale University Library,person_bembo,deck_modrone,Minor Arcana,,,Swords,Court Card
card_modrone_02,Queen of Swords,https://github.com/hexWitches/semantic-tarot-library/blob/cb5c062db4f207748586a12c9e55dae07f01e4c6/website/assets/images/collection/ViscontiTarot/0003.jpg,,Yale University Library,person_bembo,deck_modrone,Minor Arcana,,,Swords,Court Card
card_modrone_03,Female Knight of Swords,https://github.com/hexWitches/semantic-tarot-library/blob/cb5c062db4f207748586a12c9e55dae07f01e4c6/website/assets/images/collection/ViscontiTarot/0005.jpg,,Yale University Library,person_bembo,deck_modrone,Minor Arcana,,,Swords,Court Card
card_modrone_04,Damsel of Swords,https://github.com/hexWitches/semantic-tarot-library/blob/cb5c062db4f207748586a12c9e55dae07f01e4c6/website/assets/images/collection/ViscontiTarot/0007.jpg,,Yale University Library,person_bembo,deck_modrone,Minor Arcana,,,Swords,Court Card
card_modrone_05,Ten of Swords,https://github.com/hexWitches/semantic-tarot-library/blob/cb5c062db4f207748586a12c9e55dae07f01e4c6/website/assets/images/collection/ViscontiTarot/0009.jpg,10,Yale University Library,person_bembo,deck_modrone,Minor Arcana,,,Swords,Numbered Card
card_modrone_06,Nine of Swords,https://github.com/hexWitches/semantic-tarot-library/blob/cb5c062db4f207748586a12c9e55dae07f01e4c6/website/assets/images/collection/ViscontiTarot/0011.jpg,9,Yale University Library,person_bembo,deck_modrone,Minor Arcana,,,Swords,Numbered Card
card_modrone_07,Eight of Swords,https://github.com/hexWitches/semantic-tarot-library/blob/cb5c062db4f207748586a12c9e55dae07f01e4c6/website/assets/images/collection/ViscontiTarot/0013.jpg,8,Yale University Library,person_bembo,deck_modrone,Minor Arcana,,,Swords,Numbered Card
card_modrone_08,Seven of Swords,https://github.com/hexWitches/semantic-tarot-library/blob/cb5c062db4f207748586a12c9e55dae07f01e4c6/website/assets/images/collection/ViscontiTarot/0015.jpg,7,Yale University Library,person_bembo,deck_modrone,Minor Arcana,,,Swords,Numbered Card
card_modrone_09,Six of Swords,https://github.com/hexWitches/semantic-tarot-library/blob/cb5c062db4f207748586a12c9e55dae07f01e4c6/website/assets/images/collection/ViscontiTarot/0017.jpg,6,Yale University Library,person_bembo,deck_modrone,Minor Arcana,,,Swords,Numbered Card
card_modrone_10,Five of Swords,https://github.com/hexWitches/semantic-tarot-library/blob/cb5c062db4f207748586a12c9e55dae07f01e4c6/website/assets/images/collection/ViscontiTarot/0019.jpg,5,Yale University Library,person_bembo,deck_modrone,Minor Arcana,,,Swords,Numbered Card
card_modrone_11,Four of Swords,https://github.com/hexWitches/semantic-tarot-library/blob/cb5c062db4f207748586a12c9e55dae07f01e4c6/website/assets/images/collection/ViscontiTarot/0021.jpg,4,Yale University Library,person_bembo,deck_modrone,Minor Arcana,,,Swords,Numbered Card
card_modrone_12,Three of Swords,https://github.com/hexWitches/semantic-tarot-library/blob/cb5c062db4f207748586a12c9e55dae07f01e4c6/website/assets/images/collection/ViscontiTarot/0023.jpg,3,Yale University Library,person_bembo,deck_modrone,Minor Arcana,,,Swords,Numbered Card
card_modrone_13,Two of Swords,https://github.com/hexWitches/semantic-tarot-library/blob/cb5c062db4f207748586a12c9e55dae07f01e4c6/website/assets/images/collection/ViscontiTarot/0025.jpg,2,Yale University Library,person_bembo,deck_modrone,Minor Arcana,,,Swords,Numbered Card
card_modrone_14,Ace of Swords,https://github.com/hexWitches/semantic-tarot-library/blob/cb5c062db4f207748586a12c9e55dae07f01e4c6/website/assets/images/collection/ViscontiTarot/0027.jpg,1,Yale University Library,person_bembo,deck_modrone,Minor Arcana,,,Swords,Numbered Card
card_modrone_15,Queen of Wands,https://github.com/hexWitches/semantic-tarot-library/blob/cb5c062db4f207748586a12c9e55dae07f01e4c6/website/assets/images/collection/ViscontiTarot/0029.jpg,,Yale University Library,person_bembo,deck_modrone,Minor Arcana,,,Wands,Court Card
card_modrone_16,Female Knight of Wands,https://github.com/hexWitches/semantic-tarot-library/blob/cb5c062db4f207748586a12c9e55dae07f01e4c6/website/assets/images/collection/ViscontiTarot/0031.jpg,,Yale University Library,person_bembo,deck_modrone,Minor Arcana,,,Wands,Court Card
card_modrone_17,Page of Wands,https://github.com/hexWitches/semantic-tarot-library/blob/cb5c062db4f207748586a12c9e55dae07f01e4c6/website/assets/images/collection/ViscontiTarot/0033.jpg,,Yale University Library,person_bembo,deck_modrone,Minor Arcana,,,Wands,Court Card
card_modrone_18,Damsel of Wands,https://github.com/hexWitches/semantic-tarot-library/blob/cb5c062db4f207748586a12c9e55dae07f01e4c6/website/assets/images/collection/ViscontiTarot/0035.jpg,,Yale University Library,person_bembo,deck_modrone,Minor Arcana,,,Wands,Court Card
card_modrone_19,Ten of Wands,https://github.com/hexWitches/semantic-tarot-library/blob/cb5c062db4f207748586a12c9e55dae07f01e4c6/website/assets/images/collection/ViscontiTarot/0037.jpg,10,Yale University Library,person_bembo,deck_modrone,Minor Arcana,,,Wands,Numbered Card
card_modrone_20,Nine of Wands,https://github.com/hexWitches/semantic-tarot-library/blob/cb5c062db4f207748586a12c9e55dae07f01e4c6/website/assets/images/collection/ViscontiTarot/0039.jpg,9,Yale University Library,person_bembo,deck_modrone,Minor Arcana,,,Wands,Numbered Card
card_modrone_21,Eight of Wands,https://github.com/hexWitches/semantic-tarot-library/blob/cb5c062db4f207748586a12c9e55dae07f01e4c6/website/assets/images/collection/ViscontiTarot/0041.jpg,8,Yale University Library,person_bembo,deck_modrone,Minor Arcana,,,Wands,Numbered Card
card_modrone_22,Seven of Wands,https://github.com/hexWitches/semantic-tarot-library/blob/cb5c062db4f207748586a12c9e55dae07f01e4c6/website/assets/images/collection/ViscontiTarot/0043.jpg,7,Yale University Library,person_bembo,deck_modrone,Minor Arcana,,,Wands,Numbered Card
card_modrone_23,Six of Wands,https://github.com/hexWitches/semantic-tarot-library/blob/cb5c062db4f207748586a12c9e55dae07f01e4c6/website/assets/images/collection/ViscontiTarot/0045.jpg,6,Yale University Library,person_bembo,deck_modrone,Minor Arcana,,,Wands,Numbered Card
card_modrone_24,Five of Wands,https://github.com/hexWitches/semantic-tarot-library/blob/cb5c062db4f207748586a12c9e55dae07f01e4c6/website/assets/images/collection/ViscontiTarot/0047.jpg,5,Yale University Library,person_bembo,deck_modrone,Minor Arcana,,,Wands,Numbered Card
card_modrone_25,Four of Wands,https://github.com/hexWitches/semantic-tarot-library/blob/cb5c062db4f207748586a12c9e55dae07f01e4c6/website/assets/images/collection/ViscontiTarot/0049.jpg,4,Yale University Library,person_bembo,deck_modrone,Minor Arcana,,,Wands,Numbered Card
card_modrone_26,Three of Wands,https://github.com/hexWitches/semantic-tarot-library/blob/cb5c062db4f207748586a12c9e55dae07f01e4c6/website/assets/images/collection/ViscontiTarot/0051.jpg,3,Yale University Library,person_bembo,deck_modrone,Minor Arcana,,,Wands,Numbered Card
card_modrone_27,Two of Wands,https://github.com/hexWitches/semantic-tarot-library/blob/cb5c062db4f207748586a12c9e55dae07f01e4c6/website/assets/images/collection/ViscontiTarot/0053.jpg,2,Yale University Library,person_bembo,deck_modrone,Minor Arcana,,,Wands,Numbered Card
card_modrone_28,Ace of Wands,https://github.com/hexWitches/semantic-tarot-library/blob/cb5c062db4f207748586a12c9e55dae07f01e4c6/website/assets/images/collection/ViscontiTarot/0055.jpg,1,Yale University Library,person_bembo,deck_modrone,Minor Arcana,,,Wands,Numbered Card
card_modrone_29,King of Cups,https://github.com/hexWitches/semantic-tarot-library/blob/cb5c062db4f207748586a12c9e55dae07f01e4c6/website/assets/images/collection/ViscontiTarot/0057.jpg,,Yale University Library,person_bembo,deck_modrone,Minor Arcana,,,Cups,Court Card
card_modrone_30,Knight of Cups,https://github.com/hexWitches/semantic-tarot-library/blob/cb5c062db4f207748586a12c9e55dae07f01e4c6/website/assets/images/collection/ViscontiTarot/0059.jpg,,Yale University Library,person_bembo,deck_modrone,Minor Arcana,,,Cups,Court Card
card_modrone_31,Page of Cups,https://github.com/hexWitches/semantic-tarot-library/blob/cb5c062db4f207748586a12c9e55dae07f01e4c6/website/assets/images/collection/ViscontiTarot/0061.jpg,,Yale University Library,person_bembo,deck_modrone,Minor Arcana,,,Cups,Court Card
card_modrone_32,Damsel of Cups,https://github.com/hexWitches/semantic-tarot-library/blob/cb5c062db4f207748586a12c9e55dae07f01e4c6/website/assets/images/collection/ViscontiTarot/0063.jpg,,Yale University Library,person_bembo,deck_modrone,Minor Arcana,,,Cups,Court Card
card_modrone_33,Ten of Cups,https://github.com/hexWitches/semantic-tarot-library/blob/cb5c062db4f207748586a12c9e55dae07f01e4c6/website/assets/images/collection/ViscontiTarot/0065.jpg,10,Yale University Library,person_bembo,deck_modrone,Minor Arcana,,,Cups,Numbered Card
card_modrone_34,Nine of Cups,https://github.com/hexWitches/semantic-tarot-library/blob/cb5c062db4f207748586a12c9e55dae07f01e4c6/website/assets/images/collection/ViscontiTarot/0067.jpg,9,Yale University Library,person_bembo,deck_modrone,Minor Arcana,,,Cups,Numbered Card
card_modrone_35,Eight of Cups,https://github.com/hexWitches/semantic-tarot-library/blob/cb5c062db4f207748586a12c9e55dae07f01e4c6/website/assets/images/collection/ViscontiTarot/0069.jpg,8,Yale University Library,person_bembo,deck_modrone,Minor Arcana,,,Cups,Numbered Card
card_modrone_36,Seven of Cups,https://github.com/hexWitches/semantic-tarot-library/blob/cb5c062db4f207748586a12c9e55dae07f01e4c6/website/assets/images/collection/ViscontiTarot/0071.jpg,7,Yale University Library,person_bembo,deck_modrone,Minor Arcana,,,Cups,Numbered Card
card_modrone_37,Six of Cups,https://github.com/hexWitches/semantic-tarot-library/blob/cb5c062db4f207748586a12c9e55dae07f01e4c6/website/assets/images/collection/ViscontiTarot/0073.jpg,6,Yale University Library,person_bembo,deck_modrone,Minor Arcana,,,Cups,Numbered Card
card_modrone_38,Five of Cups,https://github.com/hexWitches/semantic-tarot-library/blob/cb5c062db4f207748586a12c9e55dae07f01e4c6/website/assets/images/collection/ViscontiTarot/0075.jpg,5,Yale University Library,person_bembo,deck_modrone,Minor Arcana,,,Cups,Numbered Card
card_modrone_39,Four of Cups,https://github.com/hexWitches/semantic-tarot-library/blob/cb5c062db4f207748586a12c9e55dae07f01e4c6/website/assets/images/collection/ViscontiTarot/0077.jpg,4,Yale University Library,person_bembo,deck_modrone,Minor Arcana,,,Cups,Numbered Card
card_modrone_40,Three of Cups,https://github.com/hexWitches/semantic-tarot-library/blob/cb5c062db4f207748586a12c9e55dae07f01e4c6/website/assets/images/collection/ViscontiTarot/0079.jpg,3,Yale University Library,person_bembo,deck_modrone,Minor Arcana,,,Cups,Numbered Card
card_modrone_41,Two of Cups,https://github.com/hexWitches/semantic-tarot-library/blob/cb5c062db4f207748586a12c9e55dae07f01e4c6/website/assets/images/collection/ViscontiTarot/0081.jpg,2,Yale University Library,person_bembo,deck_modrone,Minor Arcana,,,Cups,Numbered Card
card_modrone_42,Ace of Cups,https://github.com/hexWitches/semantic-tarot-library/blob/cb5c062db4f207748586a12c9e55dae07f01e4c6/website/assets/images/collection/ViscontiTarot/0083.jpg,1,Yale University Library,person_bembo,deck_modrone,Minor Arcana,,,Cups,Numbered Card
card_modrone_43,King of Pentacles,https://github.com/hexWitches/semantic-tarot-library/blob/cb5c062db4f207748586a12c9e55dae07f01e4c6/website/assets/images/collection/ViscontiTarot/0085.jpg,,Yale University Library,person_bembo,deck_modrone,Minor Arcana,,,Pentacles,Court Card
card_modrone_44,Queen of Pentacles,https://github.com/hexWitches/semantic-tarot-library/blob/cb5c062db4f207748586a12c9e55dae07f01e4c6/website/assets/images/collection/ViscontiTarot/0087.jpg,,Yale University Library,person_bembo,deck_modrone,Minor Arcana,,,Pentacles,Court Card
card_modrone_45,Knight of Pentacles,https://github.com/hexWitches/semantic-tarot-library/blob/cb5c062db4f207748586a12c9e55dae07f01e4c6/website/assets/images/collection/ViscontiTarot/0089.jpg,,Yale University Library,person_bembo,deck_modrone,Minor Arcana,,,Pentacles,Court Card
card_modrone_46,Female Knight of Pentacles,https://github.com/hexWitches/semantic-tarot-library/blob/cb5c062db4f207748586a12c9e55dae07f01e4c6/website/assets/images/collection/ViscontiTarot/0091.jpg,,Yale University Library,person_bembo,deck_modrone,Minor Arcana,,,Pentacles,Court Card
card_modrone_47,Damsel of Pentacles,https://github.com/hexWitches/semantic-tarot-library/blob/cb5c062db4f207748586a12c9e55dae07f01e4c6/website/assets/images/collection/ViscontiTarot/0093.jpg,,Yale University Library,person_bembo,deck_modrone,Minor Arcana,,,Pentacles,Court Card
card_modrone_48,Ten of Pentacles,https://github.com/hexWitches/semantic-tarot-library/blob/cb5c062db4f207748586a12c9e55dae07f01e4c6/website/assets/images/collection/ViscontiTarot/0095.jpg,10,Yale University Library,person_bembo,deck_modrone,Minor Arcana,,,Pentacles,Numbered Card
card_modrone_49,Nine of Pentacles,https://github.com/hexWitches/semantic-tarot-library/blob/cb5c062db4f207748586a12c9e55dae07f01e4c6/website/assets/images/collection/ViscontiTarot/0097.jpg,9,Yale University Library,person_bembo,deck_modrone,Minor Arcana,,,Pentacles,Numbered Card
card_modrone_50,Eight of Pentacles,https://github.com/hexWitches/semantic-tarot-library/blob/cb5c062db4f207748586a12c9e55dae07f01e4c6/website/assets/images/collection/ViscontiTarot/0099.jpg,8,Yale University Library,person_bembo,deck_modrone,Minor Arcana,,,Pentacles,Numbered Card
card_modrone_51,Seven of Pentacles,https://github.com/hexWitches/semantic-tarot-library/blob/cb5c062db4f207748586a12c9e55dae07f01e4c6/website/assets/images/collection/ViscontiTarot/0101.jpg,7,Yale University Library,person_bembo,deck_modrone,Minor Arcana,,,Pentacles,Numbered Card
card_modrone_52,Six of Pentacles,https://github.com/hexWitches/semantic-tarot-library/blob/cb5c062db4f207748586a12c9e55dae07f01e4c6/website/assets/images/collection/ViscontiTarot/0103.jpg,6,Yale University Library,person_bembo,deck_modrone,Minor Arcana,,,Pentacles,Numbered Card
card_modrone_53,Five of Pentacles,https://github.com/hexWitches/semantic-tarot-library/blob/cb5c062db4f207748586a12c9e55dae07f01e4c6/website/assets/images/collection/ViscontiTarot/0105.jpg,5,Yale University Library,person_bembo,deck_modrone,Minor Arcana,,,Pentacles,Numbered Card
card_modrone_54,Four of Pentacles,https://github.com/hexWitches/semantic-tarot-library/blob/cb5c062db4f207748586a12c9e55dae07f01e4c6/website/assets/images/collection/ViscontiTarot/0107.jpg,4,Yale University Library,person_bembo,deck_modrone,Minor Arcana,,,Pentacles,Numbered Card
card_modrone_55,Two of Pentacles,https://github.com/hexWitches/semantic-tarot-library/blob/cb5c062db4f207748586a12c9e55dae07f01e4c6/website/assets/images/collection/ViscontiTarot/0109.jpg,2,Yale University Library,person_bembo,deck_modrone,Minor Arcana,,,Pentacles,Numbered Card
card_modrone_56,Ace of Pentacles,https://github.com/hexWitches/semantic-tarot-library/blob/cb5c062db4f207748586a12c9e55dae07f01e4c6/website/assets/images/collection/ViscontiTarot/0111.jpg,1,Yale University Library,person_bembo,deck_modrone,Minor Arcana,,,Pentacles,Numbered Card
card_modrone_57,The Empress,https://github.com/hexWitches/semantic-tarot-library/blob/cb5c062db4f207748586a12c9e55dae07f01e4c6/website/assets/images/collection/ViscontiTarot/0115.jpg,III,Yale University Library,person_bembo,deck_modrone,Major Arcana,concept_empress,
card_modrone_58,The Emperor,https://github.com/hexWitches/semantic-tarot-library/blob/cb5c062db4f207748586a12c9e55dae07f01e4c6/website/assets/images/collection/ViscontiTarot/0117.jpg,IV,Yale University Library,person_bembo,deck_modrone,Major Arcana,concept_emperor,
card_modrone_59,The Lovers,https://github.com/hexWitches/semantic-tarot-library/blob/cb5c062db4f207748586a12c9e55dae07f01e4c6/website/assets/images/collection/ViscontiTarot/0121.jpg,VI,Yale University Library,person_bembo,deck_modrone,Major Arcana,concept_lovers,
card_modrone_60,The Chariot,https://github.com/hexWitches/semantic-tarot-library/blob/cb5c062db4f207748586a12c9e55dae07f01e4c6/website/assets/images/collection/ViscontiTarot/0123.jpg,VII,Yale University Library,person_bembo,deck_modrone,Major Arcana,concept_chariot,
card_modrone_61,Strenght,https://github.com/hexWitches/semantic-tarot-library/blob/cb5c062db4f207748586a12c9e55dae07f01e4c6/website/assets/images/collection/ViscontiTarot/0125.jpg,XI,Yale University Library,person_bembo,deck_modrone,Major Arcana,concept_strenght,
card_modrone_62,Death,https://github.com/hexWitches/semantic-tarot-library/blob/cb5c062db4f207748586a12c9e55dae07f01e4c6/website/assets/images/collection/ViscontiTarot/0127.jpg,XIII,Yale University Library,person_bembo,deck_modrone,Major Arcana,concept_death,
card_modrone_63,Judgement,https://github.com/hexWitches/semantic-tarot-library/blob/cb5c062db4f207748586a12c9e55dae07f01e4c6/website/assets/images/collection/ViscontiTarot/0131.jpg,XX,Yale University Library,person_bembo,deck_modrone,Major Arcana,concept_judgment,
card_modrone_64,The World,https://github.com/hexWitches/semantic-tarot-library/blob/cb5c062db4f207748586a12c9e55dae07f01e4c6/website/assets/images/collection/ViscontiTarot/0133.jpg,XXI,Yale University Library,person_bembo,deck_modrone,Major Arcana,concept_the_world,
card_modrone_65,Faith,https://github.com/hexWitches/semantic-tarot-library/blob/cb5c062db4f207748586a12c9e55dae07f01e4c6/website/assets/images/collection/ViscontiTarot/0119.jpg,XXII,Yale University Library,person_bembo,deck_modrone,Major Arcana,,
card_modrone_66,Hope,https://github.com/hexWitches/semantic-tarot-library/blob/cb5c062db4f207748586a12c9e55dae07f01e4c6/website/assets/images/collection/ViscontiTarot/0129.jpg,XXIII,Yale University Library,person_bembo,deck_modrone,Major Arcana,,
card_modrone_67,Charity,https://github.com/hexWitches/semantic-tarot-library/blob/cb5c062db4f207748586a12c9e55dae07f01e4c6/website/assets/images/collection/ViscontiTarot/0113.jpg,XXIV,Yale University Library,person_bembo,deck_modrone,Major Arcana,,
card_pierpont_morgan_01,The Juggler,https://github.com/hexWitches/semantic-tarot-library/blob/cb5c062db4f207748586a12c9e55dae07f01e4c6/website/assets/images/collection/ViscontiSforzaTarot/m630_01.jpg,I,The Morgan Library & Museum,"person_bembo, person_zavattari",deck_pierpont_morgan,Major Arcana,concept_juggler,
card_pierpont_morgan_02,The High Priestess,https://github.com/hexWitches/semantic-tarot-library/blob/cb5c062db4f207748586a12c9e55dae07f01e4c6/website/assets/images/collection/ViscontiSforzaTarot/m630_03.jpg,II,The Morgan Library & Museum,"person_bembo, person_zavattari",deck_pierpont_morgan,Major Arcana,concept_popess,
card_pierpont_morgan_03,The Empress,https://github.com/hexWitches/semantic-tarot-library/blob/cb5c062db4f207748586a12c9e55dae07f01e4c6/website/assets/images/collection/ViscontiSforzaTarot/m630_02.jpg,III,The Morgan Library & Museum,"person_bembo, person_zavattari",deck_pierpont_morgan,Major Arcana,concept_empress,
card_pierpont_morgan_04,The Hierophant,https://github.com/hexWitches/semantic-tarot-library/blob/cb5c062db4f207748586a12c9e55dae07f01e4c6/website/assets/images/collection/ViscontiSforzaTarot/m630_04.jpg,V,The Morgan Library & Museum,"person_bembo, person_zavattari",deck_pierpont_morgan,Major Arcana,concept_pope,
card_pierpont_morgan_05,Love,https://github.com/hexWitches/semantic-tarot-library/blob/cb5c062db4f207748586a12c9e55dae07f01e4c6/website/assets/images/collection/ViscontiSforzaTarot/m630_07.jpg,VI,The Morgan Library & Museum,"person_bembo, person_zavattari",deck_pierpont_morgan,Major Arcana,concept_lovers,
card_pierpont_morgan_06,The Chariot,https://github.com/hexWitches/semantic-tarot-library/blob/cb5c062db4f207748586a12c9e55dae07f01e4c6/website/assets/images/collection/ViscontiSforzaTarot/m630_06.jpg,VII,The Morgan Library & Museum,"person_bembo, person_zavattari",deck_pierpont_morgan,Major Arcana,concept_chariot,
card_pierpont_morgan_07,The Hermit,https://github.com/hexWitches/semantic-tarot-library/blob/cb5c062db4f207748586a12c9e55dae07f01e4c6/website/assets/images/collection/ViscontiSforzaTarot/m630_10.jpg,IX,The Morgan Library & Museum,"person_bembo, person_zavattari",deck_pierpont_morgan,Major Arcana,concept_hermit,
card_pierpont_morgan_08,The Wheel of Fortune,https://github.com/hexWitches/semantic-tarot-library/blob/cb5c062db4f207748586a12c9e55dae07f01e4c6/website/assets/images/collection/ViscontiSforzaTarot/m630_09.jpg,X,The Morgan Library & Museum,"person_bembo, person_zavattari",deck_pierpont_morgan,Major Arcana,concept_wheel_of_fortune,
card_pierpont_morgan_09,Fortitude,https://github.com/hexWitches/semantic-tarot-library/blob/cb5c062db4f207748586a12c9e55dae07f01e4c6/website/assets/images/collection/ViscontiSforzaTarot/m630_08.jpg,XI,The Morgan Library & Museum,person_cicognara,deck_pierpont_morgan,Major Arcana,concept_strenght,
card_pierpont_morgan_10,The Hanged Man,https://github.com/hexWitches/semantic-tarot-library/blob/cb5c062db4f207748586a12c9e55dae07f01e4c6/website/assets/images/collection/ViscontiSforzaTarot/m630_11.jpg,XII,The Morgan Library & Museum,"person_bembo, person_zavattari",deck_pierpont_morgan,Major Arcana,concept_the_hanged_man,
card_pierpont_morgan_11,Death (Skeleton),https://github.com/hexWitches/semantic-tarot-library/blob/cb5c062db4f207748586a12c9e55dae07f01e4c6/website/assets/images/collection/ViscontiSforzaTarot/m630_12.jpg,XIII,The Morgan Library & Museum,"person_bembo, person_zavattari",deck_pierpont_morgan,Major Arcana,concept_death,
card_pierpont_morgan_12,Temperance,https://github.com/hexWitches/semantic-tarot-library/blob/cb5c062db4f207748586a12c9e55dae07f01e4c6/website/assets/images/collection/ViscontiSforzaTarot/m630_05.jpg,XIV,The Morgan Library & Museum,person_cicognara,deck_pierpont_morgan,Major Arcana,concept_temperance,
card_pierpont_morgan_13,The Sun,https://github.com/hexWitches/semantic-tarot-library/blob/cb5c062db4f207748586a12c9e55dae07f01e4c6/website/assets/images/collection/ViscontiSforzaTarot/m630_13.jpg,XIX,The Morgan Library & Museum,person_cicognara,deck_pierpont_morgan,Major Arcana,concept_the_sun,
card_pierpont_morgan_14,The Last Judgment,https://github.com/hexWitches/semantic-tarot-library/blob/cb5c062db4f207748586a12c9e55dae07f01e4c6/website/assets/images/collection/ViscontiSforzaTarot/m630_14.jpg,XX,The Morgan Library & Museum,"person_bembo, person_zavattari",deck_pierpont_morgan,Major Arcana,concept_judgment,
card_pierpont_morgan_15,The Fool,https://github.com/hexWitches/semantic-tarot-library/blob/cb5c062db4f207748586a12c9e55dae07f01e4c6/website/assets/images/collection/ViscontiSforzaTarot/m630_15.jpg,,The Morgan Library & Museum,"person_bembo, person_zavattari",deck_pierpont_morgan,Major Arcana,concept_fool,
card_pierpont_morgan_16,Queen of Cups,https://github.com/hexWitches/semantic-tarot-library/blob/cb5c062db4f207748586a12c9e55dae07f01e4c6/website/assets/images/collection/ViscontiSforzaTarot/m630_16.jpg,,The Morgan Library & Museum,"person_bembo, person_zavattari",deck_pierpont_morgan,Minor Arcana,,,Cups
card_pierpont_morgan_17,Knight of Cups,https://github.com/hexWitches/semantic-tarot-library/blob/cb5c062db4f207748586a12c9e55dae07f01e4c6/website/assets/images/collection/ViscontiSforzaTarot/m630_17.jpg,,The Morgan Library & Museum,"person_bembo, person_zavattari",deck_pierpont_morgan,Minor Arcana,,,Cups
card_pierpont_morgan_18,Page of Cups,https://github.com/hexWitches/semantic-tarot-library/blob/cb5c062db4f207748586a12c9e55dae07f01e4c6/website/assets/images/collection/ViscontiSforzaTarot/m630_18.jpg,,The Morgan Library & Museum,"person_bembo, person_zavattari",deck_pierpont_morgan,"Minor Arcana ",,,Cups
card_pierpont_morgan_19,King of Staves,https://github.com/hexWitches/semantic-tarot-library/blob/cb5c062db4f207748586a12c9e55dae07f01e4c6/website/assets/images/collection/ViscontiSforzaTarot/m630_19.jpg,,The Morgan Library & Museum,"person_bembo, person_zavattari",deck_pierpont_morgan,Minor Arcana,,,Wands
card_pierpont_morgan_20,"King of Pentacles ",https://github.com/hexWitches/semantic-tarot-library/blob/cb5c062db4f207748586a12c9e55dae07f01e4c6/website/assets/images/collection/ViscontiSforzaTarot/m630_20.jpg,,The Morgan Library & Museum,"person_bembo, person_zavattari",deck_pierpont_morgan,"Minor Arcana ",,,Pentacles
card_pierpont_morgan_21,"Queen of Pentacles ",https://github.com/hexWitches/semantic-tarot-library/blob/cb5c062db4f207748586a12c9e55dae07f01e4c6/website/assets/images/collection/ViscontiSforzaTarot/m630_21.jpg,,The Morgan Library & Museum,"person_bembo, person_zavattari",deck_pierpont_morgan,Minor Arcana,,,Pentacles
card_pierpont_morgan_22,King of Swords,https://github.com/hexWitches/semantic-tarot-library/blob/cb5c062db4f207748586a12c9e55dae07f01e4c6/website/assets/images/collection/ViscontiSforzaTarot/m630_22.jpg,,The Morgan Library & Museum,"person_bembo, person_zavattari",deck_pierpont_morgan,Minor Arcana,,,Swords
card_pierpont_morgan_23,Queen of Swords,https://github.com/hexWitches/semantic-tarot-library/blob/cb5c062db4f207748586a12c9e55dae07f01e4c6/website/assets/images/collection/ViscontiSforzaTarot/m630_23.jpg,,The Morgan Library & Museum,"person_bembo, person_zavattari",deck_pierpont_morgan,Minor Arcana,,,Swords
card_pierpont_morgan_24,"Ace of Cups ",https://github.com/hexWitches/semantic-tarot-library/blob/cb5c062db4f207748586a12c9e55dae07f01e4c6/website/assets/images/collection/ViscontiSforzaTarot/m630_24.jpg,1,The Morgan Library & Museum,"person_bembo, person_zavattari",deck_pierpont_morgan,Minor Arcana,,,Cups
card_pierpont_morgan_25,Three of Cups,https://github.com/hexWitches/semantic-tarot-library/blob/cb5c062db4f207748586a12c9e55dae07f01e4c6/website/assets/images/collection/ViscontiSforzaTarot/m630_25.jpg,3,The Morgan Library & Museum,"person_bembo, person_zavattari",deck_pierpont_morgan,Minor Arcana,,,Cups
card_pierpont_morgan_26,Five of Cups,https://github.com/hexWitches/semantic-tarot-library/blob/cb5c062db4f207748586a12c9e55dae07f01e4c6/website/assets/images/collection/ViscontiSforzaTarot/m630_26.jpg,5,The Morgan Library & Museum,"person_bembo, person_zavattari",deck_pierpont_morgan,Minor Arcana,,,Cups
card_pierpont_morgan_27,Nine of Cups,https://github.com/hexWitches/semantic-tarot-library/blob/cb5c062db4f207748586a12c9e55dae07f01e4c6/website/assets/images/collection/ViscontiSforzaTarot/m630_27.jpg,9,The Morgan Library & Museum,"person_bembo, person_zavattari",deck_pierpont_morgan,Minor Arcana,,,Cups
card_pierpont_morgan_28,Ace of Staves,https://github.com/hexWitches/semantic-tarot-library/blob/cb5c062db4f207748586a12c9e55dae07f01e4c6/website/assets/images/collection/ViscontiSforzaTarot/m630_28.jpg,1,The Morgan Library & Museum,"person_bembo, person_zavattari",deck_pierpont_morgan,Minor Arcana,,,Wands
card_pierpont_morgan_29,Four of Staves,https://github.com/hexWitches/semantic-tarot-library/blob/cb5c062db4f207748586a12c9e55dae07f01e4c6/website/assets/images/collection/ViscontiSforzaTarot/m630_29.jpg,4,The Morgan Library & Museum,"person_bembo, person_zavattari",deck_pierpont_morgan,Minor Arcana,,,Wands
card_pierpont_morgan_30,Nine of Staves,https://github.com/hexWitches/semantic-tarot-library/blob/cb5c062db4f207748586a12c9e55dae07f01e4c6/website/assets/images/collection/ViscontiSforzaTarot/m630_30.jpg,9,The Morgan Library & Museum,"person_bembo, person_zavattari",deck_pierpont_morgan,Minor Arcana,,,Wands
card_pierpont_morgan_31,Seven of Pentacles,https://github.com/hexWitches/semantic-tarot-library/blob/cb5c062db4f207748586a12c9e55dae07f01e4c6/website/assets/images/collection/ViscontiSforzaTarot/m630_31.jpg,7,The Morgan Library & Museum,"person_bembo, person_zavattari",deck_pierpont_morgan,Minor Arcana,,,Pentacles
card_pierpont_morgan_32,Eight of Pentacles,https://github.com/hexWitches/semantic-tarot-library/blob/cb5c062db4f207748586a12c9e55dae07f01e4c6/website/assets/images/collection/ViscontiSforzaTarot/m630_32.jpg,8,The Morgan Library & Museum,"person_bembo, person_zavattari",deck_pierpont_morgan,Minor Arcana,,,Pentacles
card_pierpont_morgan_33,Ten of Pentacles,https://github.com/hexWitches/semantic-tarot-library/blob/cb5c062db4f207748586a12c9e55dae07f01e4c6/website/assets/images/collection/ViscontiSforzaTarot/m630_33.jpg,10,The Morgan Library & Museum,"person_bembo, person_zavattari",deck_pierpont_morgan,Minor Arcana,,,Pentacles
card_pierpont_morgan_34,Ace of Swords,https://github.com/hexWitches/semantic-tarot-library/blob/cb5c062db4f207748586a12c9e55dae07f01e4c6/website/assets/images/collection/ViscontiSforzaTarot/m630_34.jpg,1,The Morgan Library & Museum,"person_bembo, person_zavattari",deck_pierpont_morgan,Minor Arcana,,,Swords
card_pierpont_morgan_35,Ten of Swords,https://github.com/hexWitches/semantic-tarot-library/blob/cb5c062db4f207748586a12c9e55dae07f01e4c6/website/assets/images/collection/ViscontiSforzaTarot/m630_35.jpg,10,The Morgan Library & Museum,"person_bembo, person_zavattari",deck_pierpont_morgan,Minor Arcana,,,Swords
card_rider_waite_smith_01,The Fool,https://github.com/hexWitches/semantic-tarot-library/blob/cb5c062db4f207748586a12c9e55dae07f01e4c6/website/assets/images/collection/RiderWaiteSmithTarot/001.jpg,0,Victoria and Albert Museum,"person_waite, person_smith",deck_rider_waite_smith,Major Arcana,concept_fool,
card_rider_waite_smith_02,The Magician,https://github.com/hexWitches/semantic-tarot-library/blob/cb5c062db4f207748586a12c9e55dae07f01e4c6/website/assets/images/collection/RiderWaiteSmithTarot/002.jpg,I,Victoria and Albert Museum,"person_waite, person_smith",deck_rider_waite_smith,Major Arcana,concept_juggler,
card_rider_waite_smith_03,The High Priestess,https://github.com/hexWitches/semantic-tarot-library/blob/cb5c062db4f207748586a12c9e55dae07f01e4c6/website/assets/images/collection/RiderWaiteSmithTarot/003.jpg,II,Victoria and Albert Museum,"person_waitem, person_smith",deck_rider_waite_smith,Major Arcana,concept_popess,
card_rider_waite_smith_04,The Empress,https://github.com/hexWitches/semantic-tarot-library/blob/cb5c062db4f207748586a12c9e55dae07f01e4c6/website/assets/images/collection/RiderWaiteSmithTarot/004.jpg,III,Victoria and Albert Museum,"person_waite, person_smith",deck_rider_waite_smith,Major Arcana,concept_empress,
card_rider_waite_smith_05,The Emperor,https://github.com/hexWitches/semantic-tarot-library/blob/cb5c062db4f207748586a12c9e55dae07f01e4c6/website/assets/images/collection/RiderWaiteSmithTarot/005.jpg,IV,Victoria and Albert Museum,"person_waite, person_smith",deck_rider_waite_smith,Major Arcana,concept_emperor,
card_rider_waite_smith_06,The Hierophant,https://github.com/hexWitches/semantic-tarot-library/blob/cb5c062db4f207748586a12c9e55dae07f01e4c6/website/assets/images/collection/RiderWaiteSmithTarot/006.jpg,V,Victoria and Albert Museum,"person_waite, person_smith",deck_rider_waite_smith,Major Arcana,concept_pope,
card_rider_waite_smith_07,The Lovers,https://github.com/hexWitches/semantic-tarot-library/blob/cb5c062db4f207748586a12c9e55dae07f01e4c6/website/assets/images/collection/RiderWaiteSmithTarot/007.jpg,VI,Victoria and Albert Museum,"person_waite, person_smith",deck_rider_waite_smith,Major Arcana,concept_lovers,
card_rider_waite_smith_08,The Chariot,https://github.com/hexWitches/semantic-tarot-library/blob/cb5c062db4f207748586a12c9e55dae07f01e4c6/website/assets/images/collection/RiderWaiteSmithTarot/008.jpg,VII,Victoria and Albert Museum,"person_waite, person_smith",deck_rider_waite_smith,Major Arcana,concept_chariot,
card_rider_waite_smith_09,Strenght,https://github.com/hexWitches/semantic-tarot-library/blob/cb5c062db4f207748586a12c9e55dae07f01e4c6/website/assets/images/collection/RiderWaiteSmithTarot/009.jpg,VIII,Victoria and Albert Museum,"person_waite, person_smith",deck_rider_waite_smith,Major Arcana,concept_strenght,
card_rider_waite_smith_10,"The Hermit ",https://github.com/hexWitches/semantic-tarot-library/blob/cb5c062db4f207748586a12c9e55dae07f01e4c6/website/assets/images/collection/RiderWaiteSmithTarot/010.jpg,IX,Victoria and Albert Museum,"person_waite, person_smith",deck_rider_waite_smith,Major Arcana,concept_hermit,
card_rider_waite_smith_11,Wheel of Fortune,https://github.com/hexWitches/semantic-tarot-library/blob/cb5c062db4f207748586a12c9e55dae07f01e4c6/website/assets/images/collection/RiderWaiteSmithTarot/011.jpg,X,Victoria and Albert Museum,"person_waite, person_smith",deck_rider_waite_smith,Major Arcana,concept_wheel_of_fortune,
card_rider_waite_smith_12,Justice,https://github.com/hexWitches/semantic-tarot-library/blob/cb5c062db4f207748586a12c9e55dae07f01e4c6/website/assets/images/collection/RiderWaiteSmithTarot/012.jpg,XI,Victoria and Albert Museum,"person_waite, person_smith",deck_rider_waite_smith,Major Arcana,concept_justice,
card_rider_waite_smith_13,The Hangedman,https://github.com/hexWitches/semantic-tarot-library/blob/cb5c062db4f207748586a12c9e55dae07f01e4c6/website/assets/images/collection/RiderWaiteSmithTarot/013.jpg,XII,Victoria and Albert Museum,"person_waite, person_smith",deck_rider_waite_smith,Major Arcana,concept_the_hanged_man,
card_rider_waite_smith_14,Death,https://github.com/hexWitches/semantic-tarot-library/blob/cb5c062db4f207748586a12c9e55dae07f01e4c6/website/assets/images/collection/RiderWaiteSmithTarot/014.jpg,XIII,Victoria and Albert Museum,"person_waite, person_smith",deck_rider_waite_smith,Major Arcana,concept_death,
card_rider_waite_smith_15,Temperance,https://github.com/hexWitches/semantic-tarot-library/blob/cb5c062db4f207748586a12c9e55dae07f01e4c6/website/assets/images/collection/RiderWaiteSmithTarot/015.jpg,XIV,Victoria and Albert Museum,"person_waite, person_smith",deck_rider_waite_smith,Major Arcana,concept_temperance,
card_rider_waite_smith_16,The Devil,https://github.com/hexWitches/semantic-tarot-library/blob/cb5c062db4f207748586a12c9e55dae07f01e4c6/website/assets/images/collection/RiderWaiteSmithTarot/016.jpg,XV,Victoria and Albert Museum,"person_waite, person_smith",deck_rider_waite_smith,Major Arcana,concept_the_devil,
card_rider_waite_smith_17,The Tower,https://github.com/hexWitches/semantic-tarot-library/blob/cb5c062db4f207748586a12c9e55dae07f01e4c6/website/assets/images/collection/RiderWaiteSmithTarot/017.jpg,XVI,Victoria and Albert Museum,"person_waite, person_smith",deck_rider_waite_smith,Major Arcana,concept_the_tower,
card_rider_waite_smith_18,The Star,https://github.com/hexWitches/semantic-tarot-library/blob/cb5c062db4f207748586a12c9e55dae07f01e4c6/website/assets/images/collection/RiderWaiteSmithTarot/018.jpg,XVII,Victoria and Albert Museum,"person_waite, person_smith",deck_rider_waite_smith,Major Arcana,concept_the_star,
card_rider_waite_smith_19,The Moon,https://github.com/hexWitches/semantic-tarot-library/blob/cb5c062db4f207748586a12c9e55dae07f01e4c6/website/assets/images/collection/RiderWaiteSmithTarot/019.jpg,XVIII,Victoria and Albert Museum,"person_waite, person_smith",deck_rider_waite_smith,Major Arcana,concept_the_moon,
card_rider_waite_smith_20,The Sun,https://github.com/hexWitches/semantic-tarot-library/blob/cb5c062db4f207748586a12c9e55dae07f01e4c6/website/assets/images/collection/RiderWaiteSmithTarot/020.jpg,XIX,Victoria and Albert Museum,"person_waite, person_smith",deck_rider_waite_smith,Major Arcana,concept_the_sun,
card_rider_waite_smith_21,Judgement,https://github.com/hexWitches/semantic-tarot-library/blob/cb5c062db4f207748586a12c9e55dae07f01e4c6/website/assets/images/collection/RiderWaiteSmithTarot/021.jpg,XX,Victoria and Albert Museum,"person_waite, person_smith",deck_rider_waite_smith,Major Arcana,concept_judgment,
card_rider_waite_smith_22,"The World ",https://github.com/hexWitches/semantic-tarot-library/blob/cb5c062db4f207748586a12c9e55dae07f01e4c6/website/assets/images/collection/RiderWaiteSmithTarot/022.jpg,XXI,Victoria and Albert Museum,"person_waite, person_smith",deck_rider_waite_smith,Major Arcana,concept_the_world,
card_rider_waite_smith_23,Three of Swords,https://github.com/hexWitches/semantic-tarot-library/blob/cb5c062db4f207748586a12c9e55dae07f01e4c6/website/assets/images/collection/RiderWaiteSmithTarot/023.jpg,3,Victoria and Albert Museum,"person_waite, person_smith",deck_rider_waite_smith,Minor Arcana,,,Swords
card_rider_waite_smith_24,Ace of Wands,https://github.com/hexWitches/semantic-tarot-library/blob/cb5c062db4f207748586a12c9e55dae07f01e4c6/website/assets/images/collection/RiderWaiteSmithTarot/024.jpg,1,Victoria and Albert Museum,"person_waite, person_smith",deck_rider_waite_smith,Minor Arcana,,,Wands
card_brambilla_01,Asso di Coppe,https://github.com/hexWitches/semantic-tarot-library/blob/cb5c062db4f207748586a12c9e55dae07f01e4c6/website/assets/images/collection/TarocchiBrambilla/1.jpg,1,Pinacoteca di Brera,person_bembo,deck_brambilla,Minor Arcana,,,Cups,Numbered Card
card_brambilla_02,Valletto di Coppe,https://github.com/hexWitches/semantic-tarot-library/blob/cb5c062db4f207748586a12c9e55dae07f01e4c6/website/assets/images/collection/TarocchiBrambilla/2.jpg,,Pinacoteca di Brera,person_bembo,deck_brambilla,Minor Arcana,,,Cups,Court Card
card_brambilla_03,Cavaliere di Coppe,https://github.com/hexWitches/semantic-tarot-library/blob/cb5c062db4f207748586a12c9e55dae07f01e4c6/website/assets/images/collection/TarocchiBrambilla/3.jpg,,Pinacoteca di Brera,person_bembo,deck_brambilla,Minor Arcana,,,Cups,Court Card
card_brambilla_04,Asso di Spade,https://github.com/hexWitches/semantic-tarot-library/blob/cb5c062db4f207748586a12c9e55dae07f01e4c6/website/assets/images/collection/TarocchiBrambilla/4.jpg,1,Pinacoteca di Brera,person_bembo,deck_brambilla,Minor Arcana,,,Swords,Numbered Card
card_brambilla_05,Due di Spade,https://github.com/hexWitches/semantic-tarot-library/blob/cb5c062db4f207748586a12c9e55dae07f01e4c6/website/assets/images/collection/TarocchiBrambilla/5.jpg,2,Pinacoteca di Brera,person_bembo,deck_brambilla,Minor Arcana,,,Swords,Numbered Card
card_brambilla_06,Tre di Spade,https://github.com/hexWitches/semantic-tarot-library/blob/cb5c062db4f207748586a12c9e55dae07f01e4c6/website/assets/images/collection/TarocchiBrambilla/6.jpg,3,Pinacoteca di Brera,person_bembo,deck_brambilla,Minor Arcana,,,Swords,Numbered Card
card_brambilla_07,Quattro di Spade,https://github.com/hexWitches/semantic-tarot-library/blob/cb5c062db4f207748586a12c9e55dae07f01e4c6/website/assets/images/collection/TarocchiBrambilla/7.jpg,4,Pinacoteca di Brera,person_bembo,deck_brambilla,Minor Arcana,,,Swords,Numbered Card
card_brambilla_08,Cinque di Spade,https://github.com/hexWitches/semantic-tarot-library/blob/cb5c062db4f207748586a12c9e55dae07f01e4c6/website/assets/images/collection/TarocchiBrambilla/8.jpg,5,Pinacoteca di Brera,person_bembo,deck_brambilla,Minor Arcana,,,Swords,Numbered Card
card_brambilla_09,Sei di Spade,https://github.com/hexWitches/semantic-tarot-library/blob/cb5c062db4f207748586a12c9e55dae07f01e4c6/website/assets/images/collection/TarocchiBrambilla/9.jpg,6,Pinacoteca di Brera,person_bembo,deck_brambilla,Minor Arcana,,,Swords,Numbered Card
card_brambilla_10,Sette di Spade,https://github.com/hexWitches/semantic-tarot-library/blob/cb5c062db4f207748586a12c9e55dae07f01e4c6/website/assets/images/collection/TarocchiBrambilla/10.jpg,7,Pinacoteca di Brera,person_bembo,deck_brambilla,Minor Arcana,,,Swords,Numbered Card
card_brambilla_11,Due di Coppe,https://github.com/hexWitches/semantic-tarot-library/blob/cb5c062db4f207748586a12c9e55dae07f01e4c6/website/assets/images/collection/TarocchiBrambilla/11.jpg,2,Pinacoteca di Brera,person_bembo,deck_brambilla,Minor Arcana,,,Cups,Numbered Card
card_brambilla_12,Otto di Spade,https://github.com/hexWitches/semantic-tarot-library/blob/cb5c062db4f207748586a12c9e55dae07f01e4c6/website/assets/images/collection/TarocchiBrambilla/12.jpg,8,Pinacoteca di Brera,person_bembo,deck_brambilla,Minor Arcana,,,Swords,Numbered Card
card_brambilla_13,Nove di Spade,https://github.com/hexWitches/semantic-tarot-library/blob/cb5c062db4f207748586a12c9e55dae07f01e4c6/website/assets/images/collection/TarocchiBrambilla/13.jpg,9,Pinacoteca di Brera,person_bembo,deck_brambilla,Minor Arcana,,,Swords,Numbered Card
card_brambilla_14,Dieci di Spade,https://github.com/hexWitches/semantic-tarot-library/blob/cb5c062db4f207748586a12c9e55dae07f01e4c6/website/assets/images/collection/TarocchiBrambilla/14.jpg,10,Pinacoteca di Brera,person_bembo,deck_brambilla,Minor Arcana,,,Swords,Numbered Card
card_brambilla_15,Valletto di Spade,https://github.com/hexWitches/semantic-tarot-library/blob/cb5c062db4f207748586a12c9e55dae07f01e4c6/website/assets/images/collection/TarocchiBrambilla/15.jpg,,Pinacoteca di Brera,person_bembo,deck_brambilla,Minor Arcana,,,Swords,Court Card
card_brambilla_16,Cavaliere di Spade,https://github.com/hexWitches/semantic-tarot-library/blob/cb5c062db4f207748586a12c9e55dae07f01e4c6/website/assets/images/collection/TarocchiBrambilla/16.jpg,,Pinacoteca di Brera,person_bembo,deck_brambilla,Minor Arcana,,,Swords,Court Card
card_brambilla_17,Regina di Spade,https://github.com/hexWitches/semantic-tarot-library/blob/cb5c062db4f207748586a12c9e55dae07f01e4c6/website/assets/images/collection/TarocchiBrambilla/17.jpg,,Pinacoteca di Brera,person_bembo,deck_brambilla,Minor Arcana,,,Swords,Court Card
card_brambilla_18,Asso di Denari,https://github.com/hexWitches/semantic-tarot-library/blob/cb5c062db4f207748586a12c9e55dae07f01e4c6/website/assets/images/collection/TarocchiBrambilla/18.jpg,1,Pinacoteca di Brera,person_bembo,deck_brambilla,Minor Arcana,,,Pentacles,Numbered Card
card_brambilla_19,Due di Denari,https://github.com/hexWitches/semantic-tarot-library/blob/cb5c062db4f207748586a12c9e55dae07f01e4c6/website/assets/images/collection/TarocchiBrambilla/19.jpg,2,Pinacoteca di Brera,person_bembo,deck_brambilla,Minor Arcana,,,Pentacles,Numbered Card
card_brambilla_20,Tre di Denari,https://github.com/hexWitches/semantic-tarot-library/blob/cb5c062db4f207748586a12c9e55dae07f01e4c6/website/assets/images/collection/TarocchiBrambilla/20.jpg,3,Pinacoteca di Brera,person_bembo,deck_brambilla,Minor Arcana,,,Pentacles,Numbered Card
card_brambilla_21,Cinque di Denari,https://github.com/hexWitches/semantic-tarot-library/blob/cb5c062db4f207748586a12c9e55dae07f01e4c6/website/assets/images/collection/TarocchiBrambilla/21.jpg,5,Pinacoteca di Brera,person_bembo,deck_brambilla,Minor Arcana,,,Pentacles,Numbered Card
card_brambilla_22,Tre di Coppe,https://github.com/hexWitches/semantic-tarot-library/blob/cb5c062db4f207748586a12c9e55dae07f01e4c6/website/assets/images/collection/TarocchiBrambilla/22.jpg,3,Pinacoteca di Brera,person_bembo,deck_brambilla,Minor Arcana,,,Cups,Numbered Card
card_brambilla_23,Sei di Denari,https://github.com/hexWitches/semantic-tarot-library/blob/cb5c062db4f207748586a12c9e55dae07f01e4c6/website/assets/images/collection/TarocchiBrambilla/23.jpg,6,Pinacoteca di Brera,person_bembo,deck_brambilla,Minor Arcana,,,Pentacles,Numbered Card
card_brambilla_24,Dieci di Coppe,https://github.com/hexWitches/semantic-tarot-library/blob/cb5c062db4f207748586a12c9e55dae07f01e4c6/website/assets/images/collection/TarocchiBrambilla/24.jpg,10,Pinacoteca di Brera,person_bembo,deck_brambilla,Minor Arcana,,,Cups,Numbered Card
card_brambilla_25,Sette di Denari,https://github.com/hexWitches/semantic-tarot-library/blob/cb5c062db4f207748586a12c9e55dae07f01e4c6/website/assets/images/collection/TarocchiBrambilla/25.jpg,7,Pinacoteca di Brera,person_bembo,deck_brambilla,Minor Arcana,,,Pentacles,Numbered Card
card_brambilla_26,Otto di Denari,https://github.com/hexWitches/semantic-tarot-library/blob/cb5c062db4f207748586a12c9e55dae07f01e4c6/website/assets/images/collection/TarocchiBrambilla/26.jpg,8,Pinacoteca di Brera,person_bembo,deck_brambilla,Minor Arcana,,,Pentacles,Numbered Card
card_brambilla_27,Nove di Denari,https://github.com/hexWitches/semantic-tarot-library/blob/cb5c062db4f207748586a12c9e55dae07f01e4c6/website/assets/images/collection/TarocchiBrambilla/27.jpg,9,Pinacoteca di Brera,person_bembo,deck_brambilla,Minor Arcana,,,Pentacles,Numbered Card
card_brambilla_28,Dieci di Denari,https://github.com/hexWitches/semantic-tarot-library/blob/cb5c062db4f207748586a12c9e55dae07f01e4c6/website/assets/images/collection/TarocchiBrambilla/28.jpg,10,Pinacoteca di Brera,person_bembo,deck_brambilla,Minor Arcana,,,Pentacles,Numbered Card
card_brambilla_29,Valletto di Denari,https://github.com/hexWitches/semantic-tarot-library/blob/cb5c062db4f207748586a12c9e55dae07f01e4c6/website/assets/images/collection/TarocchiBrambilla/29.jpg,,Pinacoteca di Brera,person_bembo,deck_brambilla,Minor Arcana,,,Pentacles,Court Card
card_brambilla_30,Cavaliere di Denari,https://github.com/hexWitches/semantic-tarot-library/blob/cb5c062db4f207748586a12c9e55dae07f01e4c6/website/assets/images/collection/TarocchiBrambilla/30.jpg,,Pinacoteca di Brera,person_bembo,deck_brambilla,Minor Arcana,,,Pentacles,Court Card
card_brambilla_31,Asso di Bastoni,https://github.com/hexWitches/semantic-tarot-library/blob/cb5c062db4f207748586a12c9e55dae07f01e4c6/website/assets/images/collection/TarocchiBrambilla/31.jpg,1,Pinacoteca di Brera,person_bembo,deck_brambilla,Minor Arcana,,,Wands,Numbered Card
card_brambilla_32,"Due di Bastoni ",https://github.com/hexWitches/semantic-tarot-library/blob/cb5c062db4f207748586a12c9e55dae07f01e4c6/website/assets/images/collection/TarocchiBrambilla/32.jpg,2,Pinacoteca di Brera,person_bembo,deck_brambilla,Minor Arcana,,,Wands,Numbered Card
card_brambilla_33,"Tre di Bastoni ",https://github.com/hexWitches/semantic-tarot-library/blob/cb5c062db4f207748586a12c9e55dae07f01e4c6/website/assets/images/collection/TarocchiBrambilla/33.jpg,3,Pinacoteca di Brera,person_bembo,deck_brambilla,Minor Arcana,,,Wands,Numbered Card
card_brambilla_34,Quattro di Coppe,https://github.com/hexWitches/semantic-tarot-library/blob/cb5c062db4f207748586a12c9e55dae07f01e4c6/website/assets/images/collection/TarocchiBrambilla/34.jpg,4,Pinacoteca di Brera,person_bembo,deck_brambilla,Minor Arcana,,,Cups,Numbered Card
card_brambilla_35,"Quattro di Bastoni ",https://github.com/hexWitches/semantic-tarot-library/blob/cb5c062db4f207748586a12c9e55dae07f01e4c6/website/assets/images/collection/TarocchiBrambilla/35.jpg,4,Pinacoteca di Brera,person_bembo,deck_brambilla,Minor Arcana,,,Wands,Numbered Card
card_brambilla_36,"Cinque di Bastoni ",https://github.com/hexWitches/semantic-tarot-library/blob/cb5c062db4f207748586a12c9e55dae07f01e4c6/website/assets/images/collection/TarocchiBrambilla/36.jpg,5,Pinacoteca di Brera,person_bembo,deck_brambilla,Minor Arcana,,,Wands,Numbered Card
card_brambilla_37,"Sei di Bastoni ",https://github.com/hexWitches/semantic-tarot-library/blob/cb5c062db4f207748586a12c9e55dae07f01e4c6/website/assets/images/collection/TarocchiBrambilla/37.jpg,6,Pinacoteca di Brera,person_bembo,deck_brambilla,Minor Arcana,,,Wands,Numbered Card
card_brambilla_38,"Sette di Bastoni ",https://github.com/hexWitches/semantic-tarot-library/blob/cb5c062db4f207748586a12c9e55dae07f01e4c6/website/assets/images/collection/TarocchiBrambilla/38.jpg,7,Pinacoteca di Brera,person_bembo,deck_brambilla,Minor Arcana,,,Wands,Numbered Card
card_brambilla_39,"Otto di Bastoni ",https://github.com/hexWitches/semantic-tarot-library/blob/cb5c062db4f207748586a12c9e55dae07f01e4c6/website/assets/images/collection/TarocchiBrambilla/39.jpg,8,Pinacoteca di Brera,person_bembo,deck_brambilla,Minor Arcana,,,Wands,Numbered Card
card_brambilla_40,"Nove di Bastoni ",https://github.com/hexWitches/semantic-tarot-library/blob/cb5c062db4f207748586a12c9e55dae07f01e4c6/website/assets/images/collection/TarocchiBrambilla/40.jpg,9,Pinacoteca di Brera,person_bembo,deck_brambilla,Minor Arcana,,,Wands,Numbered Card
card_brambilla_41,Dieci di Bastoni,https://github.com/hexWitches/semantic-tarot-library/blob/cb5c062db4f207748586a12c9e55dae07f01e4c6/website/assets/images/collection/TarocchiBrambilla/41.jpg,10,Pinacoteca di Brera,person_bembo,deck_brambilla,Minor Arcana,,,Wands,Numbered Card
card_brambilla_42,"Imperatore ",https://github.com/hexWitches/semantic-tarot-library/blob/cb5c062db4f207748586a12c9e55dae07f01e4c6/website/assets/images/collection/TarocchiBrambilla/42.jpg,IV,Pinacoteca di Brera,person_bembo,deck_brambilla,Major Arcana,concept_emperor,,
card_brambilla_43,Donna della Fortuna (o la Ruota della Fortuna),https://github.com/hexWitches/semantic-tarot-library/blob/cb5c062db4f207748586a12c9e55dae07f01e4c6/website/assets/images/collection/TarocchiBrambilla/43.jpg,X,Pinacoteca di Brera,person_bembo,deck_brambilla,Major Arcana,concept_wheel_of_fortune,,,
card_brambilla_44,Cinque di Coppe,https://github.com/hexWitches/semantic-tarot-library/blob/cb5c062db4f207748586a12c9e55dae07f01e4c6/website/assets/images/collection/TarocchiBrambilla/44.jpg,5,Pinacoteca di Brera,person_bembo,deck_brambilla,Minor Arcana,,,Cups,Numbered Card
card_brambilla_45,Sei di Coppe,https://github.com/hexWitches/semantic-tarot-library/blob/cb5c062db4f207748586a12c9e55dae07f01e4c6/website/assets/images/collection/TarocchiBrambilla/45.jpg,6,Pinacoteca di Brera,person_bembo,deck_brambilla,Minor Arcana,,,Cups,Numbered Card
card_brambilla_46,Sette di Coppe,https://github.com/hexWitches/semantic-tarot-library/blob/cb5c062db4f207748586a12c9e55dae07f01e4c6/website/assets/images/collection/TarocchiBrambilla/46.jpg,7,Pinacoteca di Brera,person_bembo,deck_brambilla,Minor Arcana,,,Cups,Numbered Card
card_brambilla_47,Otto di Coppe,https://github.com/hexWitches/semantic-tarot-library/blob/cb5c062db4f207748586a12c9e55dae07f01e4c6/website/assets/images/collection/TarocchiBrambilla/47.jpg,8,Pinacoteca di Brera,person_bembo,deck_brambilla,Minor Arcana,,,Cups,Numbered Card
card_brambilla_48,Nove di Coppe,https://github.com/hexWitches/semantic-tarot-library/blob/cb5c062db4f207748586a12c9e55dae07f01e4c6/website/assets/images/collection/TarocchiBrambilla/48.jpg,9,Pinacoteca di Brera,person_bembo,deck_brambilla,Minor Arcana,,,Cups,Numbered Card
card_sola_busca_1,Mato,https://github.com/hexWitches/semantic-tarot-library/blob/cb5c062db4f207748586a12c9e55dae07f01e4c6/website/assets/images/collection/SolaBuscaTarot/sola_busca1.jpg,0,Pinacoteca di Brera,"person_di_maestro_antonio ",deck_sola_busca,"Major Arcana ",,
card_sola_busca_2,Panfilio,https://github.com/hexWitches/semantic-tarot-library/blob/cb5c062db4f207748586a12c9e55dae07f01e4c6/website/assets/images/collection/SolaBuscaTarot/sola_busca2.jpg,I,Pinacoteca di Brera,"person_di_maestro_antonio ",deck_sola_busca,"Major Arcana ",,
card_sola_busca_3,Postumio,https://github.com/hexWitches/semantic-tarot-library/blob/cb5c062db4f207748586a12c9e55dae07f01e4c6/website/assets/images/collection/SolaBuscaTarot/sola_busca3.jpg,II,Pinacoteca di Brera,"person_di_maestro_antonio ",deck_sola_busca,"Major Arcana ",,
card_sola_busca_4,Lenpio,https://github.com/hexWitches/semantic-tarot-library/blob/cb5c062db4f207748586a12c9e55dae07f01e4c6/website/assets/images/collection/SolaBuscaTarot/sola_busca4.jpg,III,Pinacoteca di Brera,"person_di_maestro_antonio ",deck_sola_busca,"Major Arcana ",,
card_sola_busca_5,Mario,https://github.com/hexWitches/semantic-tarot-library/blob/cb5c062db4f207748586a12c9e55dae07f01e4c6/website/assets/images/collection/SolaBuscaTarot/sola_busca5.jpg,IIII,Pinacoteca di Brera,"person_di_maestro_antonio ",deck_sola_busca,"Major Arcana ",,
card_sola_busca_6,Catulo,https://github.com/hexWitches/semantic-tarot-library/blob/cb5c062db4f207748586a12c9e55dae07f01e4c6/website/assets/images/collection/SolaBuscaTarot/sola_busca6.jpg,V,Pinacoteca di Brera,"person_di_maestro_antonio ",deck_sola_busca,"Major Arcana ",,
card_sola_busca_7,Sesto,https://github.com/hexWitches/semantic-tarot-library/blob/cb5c062db4f207748586a12c9e55dae07f01e4c6/website/assets/images/collection/SolaBuscaTarot/sola_busca7.jpg,VI,Pinacoteca di Brera,"person_di_maestro_antonio ",deck_sola_busca,"Major Arcana ",,
card_sola_busca_8,Deo Tauro,https://github.com/hexWitches/semantic-tarot-library/blob/cb5c062db4f207748586a12c9e55dae07f01e4c6/website/assets/images/collection/SolaBuscaTarot/sola_busca8.jpg,VII,Pinacoteca di Brera,"person_di_maestro_antonio ",deck_sola_busca,"Major Arcana ",,
card_sola_busca_9,Nerone,https://github.com/hexWitches/semantic-tarot-library/blob/cb5c062db4f207748586a12c9e55dae07f01e4c6/website/assets/images/collection/SolaBuscaTarot/sola_busca9.jpg,VIII,Pinacoteca di Brera,"person_di_maestro_antonio ",deck_sola_busca,"Major Arcana ",,
card_sola_busca_10,Falco,https://github.com/hexWitches/semantic-tarot-library/blob/cb5c062db4f207748586a12c9e55dae07f01e4c6/website/assets/images/collection/SolaBuscaTarot/sola_busca10.jpg,VIIII,Pinacoteca di Brera,"person_di_maestro_antonio ",deck_sola_busca,"Major Arcana ",,
card_sola_busca_11,Venturio,https://github.com/hexWitches/semantic-tarot-library/blob/cb5c062db4f207748586a12c9e55dae07f01e4c6/website/assets/images/collection/SolaBuscaTarot/sola_busca11.jpg,X,Pinacoteca di Brera,"person_di_maestro_antonio ",deck_sola_busca,"Major Arcana ",,
card_sola_busca_12,Tulio,https://github.com/hexWitches/semantic-tarot-library/blob/cb5c062db4f207748586a12c9e55dae07f01e4c6/website/assets/images/collection/SolaBuscaTarot/sola_busca12.jpg,XI,Pinacoteca di Brera,"person_di_maestro_antonio ",deck_sola_busca,"Major Arcana ",,
card_sola_busca_13,Carbone,https://github.com/hexWitches/semantic-tarot-library/blob/cb5c062db4f207748586a12c9e55dae07f01e4c6/website/assets/images/collection/SolaBuscaTarot/sola_busca13.jpg,XII,Pinacoteca di Brera,"person_di_maestro_antonio ",deck_sola_busca,"Major Arcana ",,
card_sola_busca_14,Catone,https://github.com/hexWitches/semantic-tarot-library/blob/cb5c062db4f207748586a12c9e55dae07f01e4c6/website/assets/images/collection/SolaBuscaTarot/sola_busca14.jpg,XIII,Pinacoteca di Brera,"person_di_maestro_antonio ",deck_sola_busca,"Major Arcana ",,
card_sola_busca_15,Bocho,https://github.com/hexWitches/semantic-tarot-library/blob/cb5c062db4f207748586a12c9e55dae07f01e4c6/website/assets/images/collection/SolaBuscaTarot/sola_busca15.jpg,XIIII,Pinacoteca di Brera,"person_di_maestro_antonio ",deck_sola_busca,"Major Arcana ",,
card_sola_busca_16,Metelo,https://github.com/hexWitches/semantic-tarot-library/blob/cb5c062db4f207748586a12c9e55dae07f01e4c6/website/assets/images/collection/SolaBuscaTarot/sola_busca16.jpg,XV,Pinacoteca di Brera,"person_di_maestro_antonio ",deck_sola_busca,"Major Arcana ",,
card_sola_busca_17,Olivo,https://github.com/hexWitches/semantic-tarot-library/blob/cb5c062db4f207748586a12c9e55dae07f01e4c6/website/assets/images/collection/SolaBuscaTarot/sola_busca17.jpg,XVI,Pinacoteca di Brera,"person_di_maestro_antonio ",deck_sola_busca,Major Arcana,,
card_sola_busca_18,Ipeo,https://github.com/hexWitches/semantic-tarot-library/blob/cb5c062db4f207748586a12c9e55dae07f01e4c6/website/assets/images/collection/SolaBuscaTarot/sola_busca18.jpg,XVII,Pinacoteca di Brera,"person_di_maestro_antonio ",deck_sola_busca,"Major Arcana ",,
card_sola_busca_19,Lentulo,https://github.com/hexWitches/semantic-tarot-library/blob/cb5c062db4f207748586a12c9e55dae07f01e4c6/website/assets/images/collection/SolaBuscaTarot/sola_busca19.jpg,XVIII,Pinacoteca di Brera,"person_di_maestro_antonio ",deck_sola_busca,"Major Arcana ",,
card_sola_busca_20,Sabino,https://github.com/hexWitches/semantic-tarot-library/blob/cb5c062db4f207748586a12c9e55dae07f01e4c6/website/assets/images/collection/SolaBuscaTarot/sola_busca20.jpg,XVIIII,Pinacoteca di Brera,"person_di_maestro_antonio ",deck_sola_busca,"Major Arcana ",,
card_sola_busca_21,Nenbroto,https://github.com/hexWitches/semantic-tarot-library/blob/cb5c062db4f207748586a12c9e55dae07f01e4c6/website/assets/images/collection/SolaBuscaTarot/sola_busca21.jpg,XX,Pinacoteca di Brera,"person_di_maestro_antonio ",deck_sola_busca,"Major Arcana ",,
card_sola_busca_22,Nabucho-denasor,https://github.com/hexWitches/semantic-tarot-library/blob/cb5c062db4f207748586a12c9e55dae07f01e4c6/website/assets/images/collection/SolaBuscaTarot/sola_busca22.jpg,XXI,Pinacoteca di Brera,"person_di_maestro_antonio ",deck_sola_busca,"Major Arcana ",,
card_sola_busca_23,Ace of Cups,https://github.com/hexWitches/semantic-tarot-library/blob/cb5c062db4f207748586a12c9e55dae07f01e4c6/website/assets/images/collection/SolaBuscaTarot/sola_busca23.jpg,1,Pinacoteca di Brera,"person_di_maestro_antonio ",deck_sola_busca,"Minor Arcana ",,,Cups,Numbered Card
card_sola_busca_24,Two of Cups,https://github.com/hexWitches/semantic-tarot-library/blob/cb5c062db4f207748586a12c9e55dae07f01e4c6/website/assets/images/collection/SolaBuscaTarot/sola_busca24.jpg,2,Pinacoteca di Brera,"person_di_maestro_antonio ",deck_sola_busca,Minor Arcana,,,Cups,Numbered Card
card_sola_busca_25,Three of Cups,https://github.com/hexWitches/semantic-tarot-library/blob/cb5c062db4f207748586a12c9e55dae07f01e4c6/website/assets/images/collection/SolaBuscaTarot/sola_busca25.jpg,3,Pinacoteca di Brera,"person_di_maestro_antonio ",deck_sola_busca,Minor Arcana,,,Cups,Numbered Card
card_sola_busca_26,Four of Cups,https://github.com/hexWitches/semantic-tarot-library/blob/cb5c062db4f207748586a12c9e55dae07f01e4c6/website/assets/images/collection/SolaBuscaTarot/sola_busca26.jpg,4,Pinacoteca di Brera,"person_di_maestro_antonio ",deck_sola_busca,Minor Arcana,,,Cups,Numbered Card
card_sola_busca_27,Five of Cups,https://github.com/hexWitches/semantic-tarot-library/blob/cb5c062db4f207748586a12c9e55dae07f01e4c6/website/assets/images/collection/SolaBuscaTarot/sola_busca27.jpg,5,Pinacoteca di Brera,"person_di_maestro_antonio ",deck_sola_busca,Minor Arcana,,,Cups,Numbered Card
card_sola_busca_28,Six of Cups,https://github.com/hexWitches/semantic-tarot-library/blob/cb5c062db4f207748586a12c9e55dae07f01e4c6/website/assets/images/collection/SolaBuscaTarot/sola_busca28.jpg,6,Pinacoteca di Brera,"person_di_maestro_antonio ",deck_sola_busca,Minor Arcana,,,Cups,Numbered Card
card_sola_busca_29,Seven of Cups,https://github.com/hexWitches/semantic-tarot-library/blob/cb5c062db4f207748586a12c9e55dae07f01e4c6/website/assets/images/collection/SolaBuscaTarot/sola_busca29.jpg,7,Pinacoteca di Brera,"person_di_maestro_antonio ",deck_sola_busca,Minor Arcana,,,Cups,Numbered Card
card_sola_busca_30,Eight of Cups,https://github.com/hexWitches/semantic-tarot-library/blob/cb5c062db4f207748586a12c9e55dae07f01e4c6/website/assets/images/collection/SolaBuscaTarot/sola_busca30.jpg,8,Pinacoteca di Brera,"person_di_maestro_antonio ",deck_sola_busca,Minor Arcana,,,Cups,Numbered Card
card_sola_busca_31,Nine of Cups,https://github.com/hexWitches/semantic-tarot-library/blob/cb5c062db4f207748586a12c9e55dae07f01e4c6/website/assets/images/collection/SolaBuscaTarot/sola_busca31.jpg,9,Pinacoteca di Brera,"person_di_maestro_antonio ",deck_sola_busca,Minor Arcana,,,Cups,Numbered Card
card_sola_busca_32,Ten of Cups,https://github.com/hexWitches/semantic-tarot-library/blob/cb5c062db4f207748586a12c9e55dae07f01e4c6/website/assets/images/collection/SolaBuscaTarot/sola_busca32.jpg,10,Pinacoteca di Brera,"person_di_maestro_antonio ",deck_sola_busca,Minor Arcana,,,Cups,Numbered Card
card_sola_busca_33,Knave of Cups,https://github.com/hexWitches/semantic-tarot-library/blob/cb5c062db4f207748586a12c9e55dae07f01e4c6/website/assets/images/collection/SolaBuscaTarot/sola_busca33.jpg,11,Pinacoteca di Brera,"person_di_maestro_antonio ",deck_sola_busca,Minor Arcana,,,Cups,Court Card
card_sola_busca_34,Knight of Cups - Natanabo,https://github.com/hexWitches/semantic-tarot-library/blob/cb5c062db4f207748586a12c9e55dae07f01e4c6/website/assets/images/collection/SolaBuscaTarot/sola_busca34.jpg,12,Pinacoteca di Brera,"person_di_maestro_antonio ",deck_sola_busca,Minor Arcana,,,Cups,Court Card
card_sola_busca_35,Queen of Cups - Polisena,https://github.com/hexWitches/semantic-tarot-library/blob/cb5c062db4f207748586a12c9e55dae07f01e4c6/website/assets/images/collection/SolaBuscaTarot/sola_busca35.jpg,13,Pinacoteca di Brera,"person_di_maestro_antonio ",deck_sola_busca,Minor Arcana,,,Cups,Court Card
card_sola_busca_36,King of Cups - Lucio Cecilio R.,https://github.com/hexWitches/semantic-tarot-library/blob/cb5c062db4f207748586a12c9e55dae07f01e4c6/website/assets/images/collection/SolaBuscaTarot/sola_busca36.jpg,14,Pinacoteca di Brera,"person_di_maestro_antonio ",deck_sola_busca,Minor Arcana,,,Cups,Court Card
card_sola_busca_37,Ace of Pentacles,https://github.com/hexWitches/semantic-tarot-library/blob/cb5c062db4f207748586a12c9e55dae07f01e4c6/website/assets/images/collection/SolaBuscaTarot/sola_busca37.jpg,1,Pinacoteca di Brera,"person_di_maestro_antonio ",deck_sola_busca,Minor Arcana,,,Pentacles,Numbered Card
card_sola_busca_38,Two of Pentacles,https://github.com/hexWitches/semantic-tarot-library/blob/cb5c062db4f207748586a12c9e55dae07f01e4c6/website/assets/images/collection/SolaBuscaTarot/sola_busca38.jpg,2,Pinacoteca di Brera,"person_di_maestro_antonio ",deck_sola_busca,Minor Arcana,,,Pentacles,Numbered Card
card_sola_busca_39,Three of Pentacles,https://github.com/hexWitches/semantic-tarot-library/blob/cb5c062db4f207748586a12c9e55dae07f01e4c6/website/assets/images/collection/SolaBuscaTarot/sola_busca39.jpg,3,Pinacoteca di Brera,"person_di_maestro_antonio ",deck_sola_busca,Minor Arcana,,,Pentacles,Numbered Card
card_sola_busca_40,Four of Pentacles,https://github.com/hexWitches/semantic-tarot-library/blob/cb5c062db4f207748586a12c9e55dae07f01e4c6/website/assets/images/collection/SolaBuscaTarot/sola_busca40.jpg,4,Pinacoteca di Brera,"person_di_maestro_antonio ",deck_sola_busca,Minor Arcana,,,Pentacles,Numbered Card
card_sola_busca_41,Five of Pentacles,https://github.com/hexWitches/semantic-tarot-library/blob/cb5c062db4f207748586a12c9e55dae07f01e4c6/website/assets/images/collection/SolaBuscaTarot/sola_busca41.jpg,5,Pinacoteca di Brera,"person_di_maestro_antonio ",deck_sola_busca,Minor Arcana,,,Pentacles,Numbered Card
card_sola_busca_42,Six of Pentacles,https://github.com/hexWitches/semantic-tarot-library/blob/cb5c062db4f207748586a12c9e55dae07f01e4c6/website/assets/images/collection/SolaBuscaTarot/sola_busca42.jpg,6,Pinacoteca di Brera,"person_di_maestro_antonio ",deck_sola_busca,Minor Arcana,,,Pentacles,Numbered Card
card_sola_busca_43,Seven of Pentacles,https://github.com/hexWitches/semantic-tarot-library/blob/cb5c062db4f207748586a12c9e55dae07f01e4c6/website/assets/images/collection/SolaBuscaTarot/sola_busca43.jpg,7,Pinacoteca di Brera,"person_di_maestro_antonio ",deck_sola_busca,Minor Arcana,,,Pentacles,Numbered Card
card_sola_busca_44,Eight of Pentacles,https://github.com/hexWitches/semantic-tarot-library/blob/cb5c062db4f207748586a12c9e55dae07f01e4c6/website/assets/images/collection/SolaBuscaTarot/sola_busca44.jpg,8,Pinacoteca di Brera,"person_di_maestro_antonio ",deck_sola_busca,Minor Arcana,,,Pentacles,Numbered Card
card_sola_busca_45,Nine of Pentacles,https://github.com/hexWitches/semantic-tarot-library/blob/cb5c062db4f207748586a12c9e55dae07f01e4c6/website/assets/images/collection/SolaBuscaTarot/sola_busca45.jpg,9,Pinacoteca di Brera,"person_di_maestro_antonio ",deck_sola_busca,Minor Arcana,,,Pentacles,Numbered Card
card_sola_busca_46,Ten of Pentacles,https://github.com/hexWitches/semantic-tarot-library/blob/cb5c062db4f207748586a12c9e55dae07f01e4c6/website/assets/images/collection/SolaBuscaTarot/sola_busca46.jpg,10,Pinacoteca di Brera,"person_di_maestro_antonio ",deck_sola_busca,Minor Arcana,,,Pentacles,Numbered Card
card_sola_busca_47,Knave of Pentacles,https://github.com/hexWitches/semantic-tarot-library/blob/cb5c062db4f207748586a12c9e55dae07f01e4c6/website/assets/images/collection/SolaBuscaTarot/sola_busca47.jpg,11,Pinacoteca di Brera,"person_di_maestro_antonio ",deck_sola_busca,Minor Arcana,,,Pentacles,Court Card
card_sola_busca_48,Knight of Pentacles - Sarafino,https://github.com/hexWitches/semantic-tarot-library/blob/cb5c062db4f207748586a12c9e55dae07f01e4c6/website/assets/images/collection/SolaBuscaTarot/sola_busca48.jpg,12,Pinacoteca di Brera,"person_di_maestro_antonio ",deck_sola_busca,Minor Arcana,,,Pentacles,Court Card
card_sola_busca_49,Queen of Pentacles - Elena,https://github.com/hexWitches/semantic-tarot-library/blob/cb5c062db4f207748586a12c9e55dae07f01e4c6/website/assets/images/collection/SolaBuscaTarot/sola_busca49.jpg,13,Pinacoteca di Brera,"person_di_maestro_antonio ",deck_sola_busca,Minor Arcana,,,Pentacles,Court Card
card_sola_busca_50,King of Pentacles - R. Filippo,https://github.com/hexWitches/semantic-tarot-library/blob/cb5c062db4f207748586a12c9e55dae07f01e4c6/website/assets/images/collection/SolaBuscaTarot/sola_busca50.jpg,14,Pinacoteca di Brera,"person_di_maestro_antonio ",deck_sola_busca,Minor Arcana,,,Pentacles,Court Card
card_sola_busca_51,Ace of Batons,https://github.com/hexWitches/semantic-tarot-library/blob/cb5c062db4f207748586a12c9e55dae07f01e4c6/website/assets/images/collection/SolaBuscaTarot/sola_busca51.jpg,1,Pinacoteca di Brera,"person_di_maestro_antonio ",deck_sola_busca,Minor Arcana,,,Wands,Numbered Card
card_sola_busca_52,Two of Batons,https://github.com/hexWitches/semantic-tarot-library/blob/cb5c062db4f207748586a12c9e55dae07f01e4c6/website/assets/images/collection/SolaBuscaTarot/sola_busca52.jpg,2,Pinacoteca di Brera,"person_di_maestro_antonio ",deck_sola_busca,Minor Arcana,,,Wands,Numbered Card
card_sola_busca_53,Three of Batons,https://github.com/hexWitches/semantic-tarot-library/blob/cb5c062db4f207748586a12c9e55dae07f01e4c6/website/assets/images/collection/SolaBuscaTarot/sola_busca53.jpg,3,Pinacoteca di Brera,"person_di_maestro_antonio ",deck_sola_busca,Minor Arcana,,,Wands,Numbered Card
card_sola_busca_54,Four of Batons,https://github.com/hexWitches/semantic-tarot-library/blob/cb5c062db4f207748586a12c9e55dae07f01e4c6/website/assets/images/collection/SolaBuscaTarot/sola_busca54.jpg,4,Pinacoteca di Brera,"person_di_maestro_antonio ",deck_sola_busca,Minor Arcana,,,Wands,Numbered Card
card_sola_busca_55,Five of Batons,https://github.com/hexWitches/semantic-tarot-library/blob/cb5c062db4f207748586a12c9e55dae07f01e4c6/website/assets/images/collection/SolaBuscaTarot/sola_busca55.jpg,5,Pinacoteca di Brera,"person_di_maestro_antonio ",deck_sola_busca,Minor Arcana,,,Wands,Numbered Card
card_sola_busca_56,Six of Batons,https://github.com/hexWitches/semantic-tarot-library/blob/cb5c062db4f207748586a12c9e55dae07f01e4c6/website/assets/images/collection/SolaBuscaTarot/sola_busca56.jpg,6,Pinacoteca di Brera,"person_di_maestro_antonio ",deck_sola_busca,Minor Arcana,,,Wands,Numbered Card
card_sola_busca_57,Seven of Batons,https://github.com/hexWitches/semantic-tarot-library/blob/cb5c062db4f207748586a12c9e55dae07f01e4c6/website/assets/images/collection/SolaBuscaTarot/sola_busca57.jpg,7,Pinacoteca di Brera,"person_di_maestro_antonio ",deck_sola_busca,Minor Arcana,,,Wands,Numbered Card
card_sola_busca_58,Eight of Batons,https://github.com/hexWitches/semantic-tarot-library/blob/cb5c062db4f207748586a12c9e55dae07f01e4c6/website/assets/images/collection/SolaBuscaTarot/sola_busca58.jpg,8,Pinacoteca di Brera,"person_di_maestro_antonio ",deck_sola_busca,Minor Arcana,,,Wands,Numbered Card
card_sola_busca_59,Nine of Batons,https://github.com/hexWitches/semantic-tarot-library/blob/cb5c062db4f207748586a12c9e55dae07f01e4c6/website/assets/images/collection/SolaBuscaTarot/sola_busca59.jpg,9,Pinacoteca di Brera,"person_di_maestro_antonio ",deck_sola_busca,Minor Arcana,,,Wands,Numbered Card
card_sola_busca_60,Ten of Batons,https://github.com/hexWitches/semantic-tarot-library/blob/cb5c062db4f207748586a12c9e55dae07f01e4c6/website/assets/images/collection/SolaBuscaTarot/sola_busca60.jpg,10,Pinacoteca di Brera,"person_di_maestro_antonio ",deck_sola_busca,Minor Arcana,,,Wands,Numbered Card
card_sola_busca_61,Knave of Batons,https://github.com/hexWitches/semantic-tarot-library/blob/cb5c062db4f207748586a12c9e55dae07f01e4c6/website/assets/images/collection/SolaBuscaTarot/sola_busca61.jpg,11,Pinacoteca di Brera,"person_di_maestro_antonio ",deck_sola_busca,Minor Arcana,,,Wands,Court Card
card_sola_busca_62,Knight of Batons - Apolino,https://github.com/hexWitches/semantic-tarot-library/blob/cb5c062db4f207748586a12c9e55dae07f01e4c6/website/assets/images/collection/SolaBuscaTarot/sola_busca62.jpg,12,Pinacoteca di Brera,"person_di_maestro_antonio ",deck_sola_busca,Minor Arcana,,,Wands,Court Card
card_sola_busca_63,Queen of Batons - Palas,https://github.com/hexWitches/semantic-tarot-library/blob/cb5c062db4f207748586a12c9e55dae07f01e4c6/website/assets/images/collection/SolaBuscaTarot/sola_busca63.jpg,13,Pinacoteca di Brera,"person_di_maestro_antonio ",deck_sola_busca,Minor Arcana,,,Wands,Court Card
card_sola_busca_64,King of Batons - Levio Plauto R.,https://github.com/hexWitches/semantic-tarot-library/blob/cb5c062db4f207748586a12c9e55dae07f01e4c6/website/assets/images/collection/SolaBuscaTarot/sola_busca64.jpg,14,Pinacoteca di Brera,"person_di_maestro_antonio ",deck_sola_busca,Minor Arcana,,,Wands,Court Card
card_sola_busca_65,Ace of Swords,https://github.com/hexWitches/semantic-tarot-library/blob/cb5c062db4f207748586a12c9e55dae07f01e4c6/website/assets/images/collection/SolaBuscaTarot/sola_busca65.jpg,1,Pinacoteca di Brera,"person_di_maestro_antonio ",deck_sola_busca,Minor Arcana,,,Swords,Numbered Card
card_sola_busca_66,Two of Swords,https://github.com/hexWitches/semantic-tarot-library/blob/cb5c062db4f207748586a12c9e55dae07f01e4c6/website/assets/images/collection/SolaBuscaTarot/sola_busca66.jpg,2,Pinacoteca di Brera,"person_di_maestro_antonio ",deck_sola_busca,Minor Arcana,,,Swords,Numbered Card
card_sola_busca_67,Three of Swords,https://github.com/hexWitches/semantic-tarot-library/blob/cb5c062db4f207748586a12c9e55dae07f01e4c6/website/assets/images/collection/SolaBuscaTarot/sola_busca67.jpg,3,Pinacoteca di Brera,"person_di_maestro_antonio ",deck_sola_busca,Minor Arcana,,,Swords,Numbered Card
card_sola_busca_68,Four of Swords,https://github.com/hexWitches/semantic-tarot-library/blob/cb5c062db4f207748586a12c9e55dae07f01e4c6/website/assets/images/collection/SolaBuscaTarot/sola_busca68.jpg,4,Pinacoteca di Brera,"person_di_maestro_antonio ",deck_sola_busca,Minor Arcana,,,Swords,Numbered Card
card_sola_busca_69,Five of Swords,https://github.com/hexWitches/semantic-tarot-library/blob/cb5c062db4f207748586a12c9e55dae07f01e4c6/website/assets/images/collection/SolaBuscaTarot/sola_busca69.jpg,5,Pinacoteca di Brera,"person_di_maestro_antonio ",deck_sola_busca,Minor Arcana,,,Swords,Numbered Card
card_sola_busca_70,Six of Swords,https://github.com/hexWitches/semantic-tarot-library/blob/cb5c062db4f207748586a12c9e55dae07f01e4c6/website/assets/images/collection/SolaBuscaTarot/sola_busca70.jpg,6,Pinacoteca di Brera,"person_di_maestro_antonio ",deck_sola_busca,Minor Arcana,,,Swords,Numbered Card
card_sola_busca_71,Seven of Swords,https://github.com/hexWitches/semantic-tarot-library/blob/cb5c062db4f207748586a12c9e55dae07f01e4c6/website/assets/images/collection/SolaBuscaTarot/sola_busca71.jpg,7,Pinacoteca di Brera,"person_di_maestro_antonio ",deck_sola_busca,Minor Arcana,,,Swords,Numbered Card
card_sola_busca_72,Eight of Swords,https://github.com/hexWitches/semantic-tarot-library/blob/cb5c062db4f207748586a12c9e55dae07f01e4c6/website/assets/images/collection/SolaBuscaTarot/sola_busca72.jpg,8,Pinacoteca di Brera,"person_di_maestro_antonio ",deck_sola_busca,Minor Arcana,,,Swords,Numbered Card
card_sola_busca_73,Nine of Swords,https://github.com/hexWitches/semantic-tarot-library/blob/cb5c062db4f207748586a12c9e55dae07f01e4c6/website/assets/images/collection/SolaBuscaTarot/sola_busca73.jpg,9,Pinacoteca di Brera,"person_di_maestro_antonio ",deck_sola_busca,Minor Arcana,,,Swords,Numbered Card
card_sola_busca_74,Ten of Swords,https://github.com/hexWitches/semantic-tarot-library/blob/cb5c062db4f207748586a12c9e55dae07f01e4c6/website/assets/images/collection/SolaBuscaTarot/sola_busca74.jpg,10,Pinacoteca di Brera,"person_di_maestro_antonio ",deck_sola_busca,Minor Arcana,,,Swords,Numbered Card
card_sola_busca_75,Knave of Swords,https://github.com/hexWitches/semantic-tarot-library/blob/cb5c062db4f207748586a12c9e55dae07f01e4c6/website/assets/images/collection/SolaBuscaTarot/sola_busca75.jpg,11,Pinacoteca di Brera,"person_di_maestro_antonio ",deck_sola_busca,Minor Arcana,,,Swords,Court Card
card_sola_busca_76,Knight of Swords - Amone,https://github.com/hexWitches/semantic-tarot-library/blob/cb5c062db4f207748586a12c9e55dae07f01e4c6/website/assets/images/collection/SolaBuscaTarot/sola_busca76.jpg,12,Pinacoteca di Brera,"person_di_maestro_antonio ",deck_sola_busca,Minor Arcana,,,Swords,Court Card
card_sola_busca_77,Queen of Swords - Olinpia,https://github.com/hexWitches/semantic-tarot-library/blob/cb5c062db4f207748586a12c9e55dae07f01e4c6/website/assets/images/collection/SolaBuscaTarot/sola_busca77.jpg,13,Pinacoteca di Brera,"person_di_maestro_antonio ",deck_sola_busca,Minor Arcana,,,Swords,Court Card
card_sola_busca_78,King of Swords - Alecxandro M.,https://github.com/hexWitches/semantic-tarot-library/blob/cb5c062db4f207748586a12c9e55dae07f01e4c6/website/assets/images/collection/SolaBuscaTarot/sola_busca78.jpg,14,Pinacoteca di Brera,"person_di_maestro_antonio ",deck_sola_busca,Minor Arcana,,,Swords,Court Card